"STATION","NAME","DATE","PRCP","SNOW","SNWD","TMAX","TMIN","TOBS","WESD","WESF"
"US1NYTM0003","ITHACA 1.1 SE, NY US","2017-01-01",,"0.0","1.5",,,,,"0.0"
"US1NYTM0003","ITHACA 1.1 SE, NY US","2017-01-02",,"0.0","1.0",,,,,"0.0"
"US1NYTM0003","ITHACA 1.1 SE, NY US","2017-01-03",,"0.0","0.0",,,,,"0.0"
"US1NYTM0003","ITHACA 1.1 SE, NY US","2017-01-04",,"0.0","0.0",,,,"0.0","0.0"
"US1NYTM0003","ITHACA 1.1 SE, NY US","2017-01-05",,"0.1","0.0",,,,,
"US1NYTM0003","ITHACA 1.1 SE, NY US","2017-01-06",,"0.5","0.5",,,,,
"US1NYTM0003","ITHACA 1.1 SE, NY US","2017-01-07",,"0.0","0.5",,,,,
"US1NYTM0003","ITHACA 1.1 SE, NY US","2017-01-08",,"0.0","0.5",,,,,"0.0"
"US1NYTM0003","ITHACA 1.1 SE, NY US","2017-01-09",,"0.1","0.5",,,,,
"US1NYTM0003","ITHACA 1.1 SE, NY US","2017-01-10",,"0.0","0.5",,,,,"0.0"
"US1NYTM0003","ITHACA 1.1 SE, NY US","2017-01-11",,"0.8","1.0",,,,,
"US1NYTM0003","ITHACA 1.1 SE, NY US","2017-01-17",,"0.0","0.0",,,,"0.0","0.0"
"US1NYTM0003","ITHACA 1.1 SE, NY US","2017-01-18",,"0.0","0.0",,,,"0.0","0.0"
"US1NYTM0003","ITHACA 1.1 SE, NY US","2017-01-19",,"0.0","0.0",,,,"0.0","0.0"
"US1NYTM0003","ITHACA 1.1 SE, NY US","2017-01-20",,"0.0","0.0",,,,"0.0","0.0"
"US1NYTM0003","ITHACA 1.1 SE, NY US","2017-01-23",,"0.0","0.0",,,,"0.0","0.0"
"US1NYTM0003","ITHACA 1.1 SE, NY US","2017-01-24","0.47","4.0","4.0",,,,"0.5","0.5"
"US1NYTM0003","ITHACA 1.1 SE, NY US","2017-01-25",,"0.6","4.0",,,,,
"US1NYTM0003","ITHACA 1.1 SE, NY US","2017-01-26",,"0.0","2.0",,,,,"0.0"
"US1NYTM0003","ITHACA 1.1 SE, NY US","2017-01-27",,"0.0","1.0",,,,,"0.0"
"US1NYTM0003","ITHACA 1.1 SE, NY US","2017-01-28",,"0.3","0.5",,,,,
"US1NYTM0003","ITHACA 1.1 SE, NY US","2017-01-29",,"0.0","0.5",,,,,"0.0"
"US1NYTM0003","ITHACA 1.1 SE, NY US","2017-02-01",,"0.2","1.5",,,,,
"US1NYTM0003","ITHACA 1.1 SE, NY US","2017-02-02",,"0.0","0.5",,,,,
"US1NYTM0003","ITHACA 1.1 SE, NY US","2017-02-06",,"0.0","0.5",,,,,
"US1NYTM0003","ITHACA 1.1 SE, NY US","2017-02-07",,"0.0","0.0",,,,"0.0",
"US1NYTM0003","ITHACA 1.1 SE, NY US","2017-02-08",,"0.0","0.0",,,,"0.0","0.0"
"US1NYTM0003","ITHACA 1.1 SE, NY US","2017-02-09",,"2.8","3.0",,,,"0.3","0.3"
"US1NYTM0003","ITHACA 1.1 SE, NY US","2017-02-10",,"0.3","3.0",,,,,
"US1NYTM0003","ITHACA 1.1 SE, NY US","2017-02-11",,"0.4","3.0",,,,,
"US1NYTM0003","ITHACA 1.1 SE, NY US","2017-02-12",,"0.0","1.5",,,,,"0.0"
"US1NYTM0003","ITHACA 1.1 SE, NY US","2017-02-13",,"1.1","3.0",,,,"0.3",
"US1NYTM0003","ITHACA 1.1 SE, NY US","2017-02-14",,"0.2","2.0",,,,,
"US1NYTM0003","ITHACA 1.1 SE, NY US","2017-02-15",,"0.0","1.5",,,,,"0.0"
"US1NYTM0003","ITHACA 1.1 SE, NY US","2017-02-16",,"2.4","4.0",,,,,
"US1NYTM0003","ITHACA 1.1 SE, NY US","2017-02-17",,"0.1","3.0",,,,,
"US1NYTM0003","ITHACA 1.1 SE, NY US","2017-02-18",,"0.0","3.0",,,,,"0.0"
"US1NYTM0003","ITHACA 1.1 SE, NY US","2017-02-19",,"0.0","0.5",,,,,"0.0"
"US1NYTM0003","ITHACA 1.1 SE, NY US","2017-02-20",,"0.0","0.0",,,,,"0.0"
"US1NYTM0003","ITHACA 1.1 SE, NY US","2017-02-21",,"0.0","0.0",,,,"0.0","0.0"
"US1NYTM0003","ITHACA 1.1 SE, NY US","2017-02-22",,"0.0","0.0",,,,"0.0","0.0"
"US1NYTM0003","ITHACA 1.1 SE, NY US","2017-02-23",,"0.0","0.0",,,,"0.0","0.0"
"US1NYTM0003","ITHACA 1.1 SE, NY US","2017-02-24",,"0.0","0.0",,,,"0.0","0.0"
"US1NYTM0003","ITHACA 1.1 SE, NY US","2017-02-25",,"0.0","0.0",,,,"0.0","0.0"
"US1NYTM0003","ITHACA 1.1 SE, NY US","2017-02-26",,"0.0","0.0",,,,,
"US1NYTM0003","ITHACA 1.1 SE, NY US","2017-02-27",,"0.4","0.0",,,,,"0.0"
"US1NYTM0003","ITHACA 1.1 SE, NY US","2017-02-28",,"0.0","0.0",,,,"0.0","0.0"
"US1NYTM0003","ITHACA 1.1 SE, NY US","2017-03-01",,"0.0","0.0",,,,"0.0","0.0"
"US1NYTM0003","ITHACA 1.1 SE, NY US","2017-03-02",,"0.0","0.0",,,,"0.0","0.0"
"US1NYTM0003","ITHACA 1.1 SE, NY US","2017-03-03",,"0.2","0.0",,,,,
"US1NYTM0003","ITHACA 1.1 SE, NY US","2017-03-04",,"1.5","2.0",,,,,
"US1NYTM0003","ITHACA 1.1 SE, NY US","2017-03-05",,"0.4","1.5",,,,,
"US1NYTM0003","ITHACA 1.1 SE, NY US","2017-03-08",,"0.0","0.0",,,,"0.0","0.0"
"US1NYTM0003","ITHACA 1.1 SE, NY US","2017-03-09",,"0.0","0.0",,,,"0.0","0.0"
"US1NYTM0003","ITHACA 1.1 SE, NY US","2017-03-11",,"0.5","0.5",,,,,
"US1NYTM0003","ITHACA 1.1 SE, NY US","2017-03-12",,"0.3","1.0",,,,,
"US1NYTM0003","ITHACA 1.1 SE, NY US","2017-03-13",,"0.0","0.5",,,,,
"US1NYTM0003","ITHACA 1.1 SE, NY US","2017-03-14",,"2.5","3.0",,,,"0.3",
"US1NYTM0003","ITHACA 1.1 SE, NY US","2017-03-15","1.15","10.5","13.0",,,,"1.5","1.1"
"US1NYTM0003","ITHACA 1.1 SE, NY US","2017-03-16",,"1.0","12.0",,,,"1.6",
"US1NYTM0003","ITHACA 1.1 SE, NY US","2017-03-17",,"0.0","10.5",,,,,"0.0"
"US1NYTM0003","ITHACA 1.1 SE, NY US","2017-03-18",,"0.0","8.5",,,,,"0.0"
"US1NYTM0003","ITHACA 1.1 SE, NY US","2017-03-19",,"0.0","7.5",,,,,
"US1NYTM0003","ITHACA 1.1 SE, NY US","2017-03-20",,"0.0","5.5",,,,"1.3","0.0"
"US1NYTM0003","ITHACA 1.1 SE, NY US","2017-03-21",,"0.0","4.0",,,,,"0.0"
"US1NYTM0003","ITHACA 1.1 SE, NY US","2017-03-22",,"0.1","3.5",,,,,
"US1NYTM0003","ITHACA 1.1 SE, NY US","2017-03-23",,"0.0",,,,,,"0.0"
"US1NYTM0003","ITHACA 1.1 SE, NY US","2017-03-24",,"0.0","1.5",,,,,"0.0"
"US1NYTM0003","ITHACA 1.1 SE, NY US","2017-03-25",,"0.0","0.5",,,,,"0.0"
"US1NYTM0003","ITHACA 1.1 SE, NY US","2017-03-26",,"0.0","0.0",,,,,"0.0"
"US1NYTM0003","ITHACA 1.1 SE, NY US","2017-03-27",,"0.0","0.0",,,,,"0.0"
"US1NYTM0003","ITHACA 1.1 SE, NY US","2017-03-28",,"0.0","0.0",,,,,"0.0"
"US1NYTM0003","ITHACA 1.1 SE, NY US","2017-03-29",,"0.0","0.0",,,,,"0.0"
"US1NYTM0003","ITHACA 1.1 SE, NY US","2017-03-30",,"0.0","0.0",,,,"0.0","0.0"
"US1NYTM0003","ITHACA 1.1 SE, NY US","2017-03-31",,"0.0","0.0",,,,"0.0","0.0"
"US1NYTM0003","ITHACA 1.1 SE, NY US","2017-04-01",,"0.0","0.0",,,,"0.0","0.0"
"US1NYTM0003","ITHACA 1.1 SE, NY US","2017-04-02",,"0.0","0.0",,,,"0.0","0.0"
"US1NYTM0003","ITHACA 1.1 SE, NY US","2017-04-12",,"0.0","0.0",,,,"0.0","0.0"
"US1NYTM0003","ITHACA 1.1 SE, NY US","2017-04-13",,"0.0","0.0",,,,"0.0","0.0"
"US1NYTM0003","ITHACA 1.1 SE, NY US","2017-04-14",,"0.0","0.0",,,,"0.0","0.0"
"US1NYTM0003","ITHACA 1.1 SE, NY US","2017-04-15",,"0.0","0.0",,,,"0.0","0.0"
"US1NYTM0003","ITHACA 1.1 SE, NY US","2017-04-16",,"0.0","0.0",,,,"0.0","0.0"
"US1NYTM0003","ITHACA 1.1 SE, NY US","2017-04-17",,"0.0","0.0",,,,"0.0","0.0"
"US1NYTM0003","ITHACA 1.1 SE, NY US","2017-04-18",,"0.0","0.0",,,,"0.0","0.0"
"US1NYTM0003","ITHACA 1.1 SE, NY US","2017-11-20",,"0.3","0.0",,,,"0.0",
"US1NYTM0003","ITHACA 1.1 SE, NY US","2017-11-21",,"0.0","0.0",,,,"0.0","0.0"
"US1NYTM0003","ITHACA 1.1 SE, NY US","2017-11-22",,"0.0","0.0",,,,"0.0","0.0"
"US1NYTM0003","ITHACA 1.1 SE, NY US","2017-11-23",,"0.0","0.0",,,,"0.0",
"US1NYTM0003","ITHACA 1.1 SE, NY US","2017-11-29",,"0.0","0.0",,,,"0.0","0.0"
"US1NYTM0003","ITHACA 1.1 SE, NY US","2017-11-30",,"0.0","0.0",,,,"0.0","0.0"
"US1NYTM0003","ITHACA 1.1 SE, NY US","2017-12-01",,"0.0","0.0",,,,"0.0","0.0"
"US1NYTM0003","ITHACA 1.1 SE, NY US","2017-12-02",,"0.0","0.0",,,,"0.0","0.0"
"US1NYTM0003","ITHACA 1.1 SE, NY US","2017-12-03",,"0.0","0.0",,,,"0.0","0.0"
"US1NYTM0003","ITHACA 1.1 SE, NY US","2017-12-04",,"0.0","0.0",,,,"0.0",
"US1NYTM0003","ITHACA 1.1 SE, NY US","2017-12-05",,"0.0","0.0",,,,"0.0","0.0"
"US1NYTM0003","ITHACA 1.1 SE, NY US","2017-12-06",,"0.0","0.0",,,,"0.0","0.0"
"US1NYTM0003","ITHACA 1.1 SE, NY US","2017-12-07",,"0.0","0.0",,,,"0.0","0.0"
"US1NYTM0003","ITHACA 1.1 SE, NY US","2017-12-08",,"0.2","0.0",,,,,
"US1NYTM0003","ITHACA 1.1 SE, NY US","2017-12-09",,"0.0","0.0",,,,,"0.0"
"US1NYTM0003","ITHACA 1.1 SE, NY US","2017-12-10",,"0.0","0.0",,,,,"0.0"
"US1NYTM0003","ITHACA 1.1 SE, NY US","2017-12-11",,"0.0","0.0",,,,,
"US1NYTM0003","ITHACA 1.1 SE, NY US","2017-12-12",,"0.8","1.0",,,,,
"US1NYTM0003","ITHACA 1.1 SE, NY US","2017-12-13",,"0.2","0.5",,,,,
"US1NYTM0003","ITHACA 1.1 SE, NY US","2017-12-14",,"1.8","2.5",,,,"0.1",
"US1NYTM0003","ITHACA 1.1 SE, NY US","2017-12-15",,"0.0","2.0",,,,,"0.0"
"US1NYTM0003","ITHACA 1.1 SE, NY US","2017-12-16",,"0.5","2.0",,,,,
"US1NYTM0003","ITHACA 1.1 SE, NY US","2017-12-17",,"0.9","2.5",,,,,
"US1NYTM0003","ITHACA 1.1 SE, NY US","2017-12-18",,"0.0","2.0",,,,"0.2","0.0"
"US1NYTM0003","ITHACA 1.1 SE, NY US","2017-12-20",,"0.0","0.0",,,,"0.0","0.0"
"US1NYTM0003","ITHACA 1.1 SE, NY US","2017-12-27",,"0.0","1.0",,,,,"0.0"
"US1NYTM0003","ITHACA 1.1 SE, NY US","2017-12-29",,"0.3","1.5",,,,,
"US1NYTM0003","ITHACA 1.1 SE, NY US","2017-12-30",,"0.5","2.0",,,,,
"US1NYTM0003","ITHACA 1.1 SE, NY US","2017-12-31",,"1.0","3.0",,,,,
"US1NYTM0003","ITHACA 1.1 SE, NY US","2018-01-01",,"0.1","2.5",,,,,
"US1NYTM0028","ITHACA 2.2 NW, NY US","2017-04-06","0.00","0.0",,,,,,
"US1NYTM0028","ITHACA 2.2 NW, NY US","2017-04-12","0.03",,,,,,,
"US1NYTM0028","ITHACA 2.2 NW, NY US","2017-04-13","0.00","0.0",,,,,,
"US1NYTM0028","ITHACA 2.2 NW, NY US","2017-04-19","0.00","0.0",,,,,,
"US1NYTM0028","ITHACA 2.2 NW, NY US","2017-04-20","0.23",,,,,,,
"US1NYTM0028","ITHACA 2.2 NW, NY US","2017-05-03","0.07",,,,,,,
"US1NYTM0028","ITHACA 2.2 NW, NY US","2017-05-04","0.00","0.0",,,,,,
"US1NYTM0028","ITHACA 2.2 NW, NY US","2017-05-24","0.00","0.0",,,,,,
"US1NYTM0028","ITHACA 2.2 NW, NY US","2017-05-31","0.22",,,,,,,
"US1NYTM0028","ITHACA 2.2 NW, NY US","2017-06-01","0.16",,,,,,,
"US1NYTM0028","ITHACA 2.2 NW, NY US","2017-06-22","0.00",,,,,,,
"US1NYTM0028","ITHACA 2.2 NW, NY US","2017-06-28","0.20",,,,,,,
"US1NYTM0028","ITHACA 2.2 NW, NY US","2017-07-06","0.00","0.0",,,,,,
"US1NYTM0028","ITHACA 2.2 NW, NY US","2017-07-19","0.00","0.0",,,,,,
"US1NYTM0028","ITHACA 2.2 NW, NY US","2017-07-20","0.00","0.0",,,,,,
"US1NYTM0028","ITHACA 2.2 NW, NY US","2017-07-27","0.11",,,,,,,
"US1NYTM0028","ITHACA 2.2 NW, NY US","2017-08-02","0.00","0.0",,,,,,
"US1NYTM0028","ITHACA 2.2 NW, NY US","2017-08-09","0.00","0.0",,,,,,
"US1NYTM0028","ITHACA 2.2 NW, NY US","2017-08-10","0.00","0.0",,,,,,
"US1NYTM0028","ITHACA 2.2 NW, NY US","2017-09-06","1.00",,,,,,,
"US1NYTM0028","ITHACA 2.2 NW, NY US","2017-09-07","0.05",,,,,,,
"US1NYTM0028","ITHACA 2.2 NW, NY US","2017-09-21","0.00","0.0",,,,,,
"US1NYTM0028","ITHACA 2.2 NW, NY US","2017-09-27","0.00","0.0",,,,,,
"US1NYTM0028","ITHACA 2.2 NW, NY US","2017-09-28","0.00","0.0",,,,,,
"US1NYTM0028","ITHACA 2.2 NW, NY US","2017-10-18","0.00","0.0",,,,,,
"US1NYTM0028","ITHACA 2.2 NW, NY US","2017-10-19","0.00","0.0",,,,,,
"US1NYTM0028","ITHACA 2.2 NW, NY US","2017-10-26","0.00",,,,,,,
"US1NYTM0028","ITHACA 2.2 NW, NY US","2017-11-07","0.41",,,,,,,
"US1NYTM0028","ITHACA 2.2 NW, NY US","2017-11-09","0.00","0.0",,,,,,
"US1NYTM0028","ITHACA 2.2 NW, NY US","2017-11-17","0.02",,,,,,,
"US1NYTM0028","ITHACA 2.2 NW, NY US","2017-11-22","0.09",,,,,,,
"US1NYTM0028","ITHACA 2.2 NW, NY US","2017-11-30","0.00","0.0",,,,,,
"US1NYTM0028","ITHACA 2.2 NW, NY US","2017-12-07","0.00","0.0",,,,,,
"US1NYTM0028","ITHACA 2.2 NW, NY US","2017-12-08","0.01","0.0","0.0",,,,,
"US1NYTM0028","ITHACA 2.2 NW, NY US","2017-12-13","0.00",,"0.0",,,,,
"US1NYTM0028","ITHACA 2.2 NW, NY US","2017-12-14","0.09",,"2.0",,,,,
"US1NYTM0028","ITHACA 2.2 NW, NY US","2017-12-21","0.00","0.0","0.0",,,,,
"US1NYTM0028","ITHACA 2.2 NW, NY US","2017-12-22","0.04","0.5","0.5",,,,,
"US1NYTM0039","ITHACA 8.5 W, NY US","2017-04-11","0.00",,,,,,,
"US1NYTM0039","ITHACA 8.5 W, NY US","2017-04-12","0.06",,,,,,,
"US1NYTM0039","ITHACA 8.5 W, NY US","2017-04-13","0.01",,,,,,,
"US1NYTM0039","ITHACA 8.5 W, NY US","2017-04-14","0.00",,,,,,,
"US1NYTM0039","ITHACA 8.5 W, NY US","2017-04-16","0.07",,,,,,,
"US1NYTM0039","ITHACA 8.5 W, NY US","2017-04-17","0.27",,,,,,,
"US1NYTM0039","ITHACA 8.5 W, NY US","2017-04-18","0.00",,,,,,,
"US1NYTM0039","ITHACA 8.5 W, NY US","2017-04-20","0.21",,,,,,,
"US1NYTM0039","ITHACA 8.5 W, NY US","2017-04-21","1.29",,,,,,,
"US1NYTM0039","ITHACA 8.5 W, NY US","2017-04-22","0.07",,,,,,,
"US1NYTM0039","ITHACA 8.5 W, NY US","2017-04-23","0.01",,,,,,,
"US1NYTM0039","ITHACA 8.5 W, NY US","2017-04-24","0.00",,,,,,,
"US1NYTM0039","ITHACA 8.5 W, NY US","2017-04-25","0.01",,,,,,,
"US1NYTM0039","ITHACA 8.5 W, NY US","2017-04-26","0.03",,,,,,,
"US1NYTM0039","ITHACA 8.5 W, NY US","2017-04-28","0.05",,,,,,,
"US1NYTM0039","ITHACA 8.5 W, NY US","2017-04-29","0.00",,,,,,,
"US1NYTM0039","ITHACA 8.5 W, NY US","2017-04-30","0.02",,,,,,,
"US1NYTM0039","ITHACA 8.5 W, NY US","2017-05-01","0.00",,,,,,,
"US1NYTM0039","ITHACA 8.5 W, NY US","2017-05-02","0.92",,,,,,,
"US1NYTM0039","ITHACA 8.5 W, NY US","2017-05-03","0.07",,,,,,,
"US1NYTM0039","ITHACA 8.5 W, NY US","2017-05-04","0.02",,,,,,,
"US1NYTM0039","ITHACA 8.5 W, NY US","2017-05-05","0.43",,,,,,,
"US1NYTM0039","ITHACA 8.5 W, NY US","2017-05-06","0.70",,,,,,,
"US1NYTM0039","ITHACA 8.5 W, NY US","2017-05-07","0.60",,,,,,,
"US1NYTM0039","ITHACA 8.5 W, NY US","2017-05-08","0.22",,,,,,,
"US1NYTM0039","ITHACA 8.5 W, NY US","2017-05-09","0.01",,,,,,,
"US1NYTM0039","ITHACA 8.5 W, NY US","2017-05-10","0.00",,,,,,,
"US1NYTM0039","ITHACA 8.5 W, NY US","2017-05-11","0.00",,,,,,,
"US1NYTM0039","ITHACA 8.5 W, NY US","2017-05-12","0.00",,,,,,,
"US1NYTM0039","ITHACA 8.5 W, NY US","2017-05-13","0.11",,,,,,,
"US1NYTM0039","ITHACA 8.5 W, NY US","2017-05-14","0.01",,,,,,,
"US1NYTM0039","ITHACA 8.5 W, NY US","2017-05-15","0.41",,,,,,,
"US1NYTM0039","ITHACA 8.5 W, NY US","2017-05-16","0.01",,,,,,,
"US1NYTM0039","ITHACA 8.5 W, NY US","2017-05-18","0.00",,,,,,,
"US1NYTM0039","ITHACA 8.5 W, NY US","2017-05-19","0.08",,,,,,,
"US1NYTM0039","ITHACA 8.5 W, NY US","2017-05-20","0.00",,,,,,,
"US1NYTM0039","ITHACA 8.5 W, NY US","2017-05-21","0.00",,,,,,,
"US1NYTM0039","ITHACA 8.5 W, NY US","2017-05-22","0.02",,,,,,,
"US1NYTM0039","ITHACA 8.5 W, NY US","2017-05-23","0.03",,,,,,,
"US1NYTM0039","ITHACA 8.5 W, NY US","2017-05-25","0.02",,,,,,,
"US1NYTM0039","ITHACA 8.5 W, NY US","2017-05-26","0.42",,,,,,,
"US1NYTM0039","ITHACA 8.5 W, NY US","2017-05-28","0.00",,,,,,,
"US1NYTM0039","ITHACA 8.5 W, NY US","2017-05-29","0.11",,,,,,,
"US1NYTM0039","ITHACA 8.5 W, NY US","2017-05-30","0.45",,,,,,,
"US1NYTM0039","ITHACA 8.5 W, NY US","2017-05-31","0.24",,,,,,,
"US1NYTM0039","ITHACA 8.5 W, NY US","2017-06-01","0.20",,,,,,,
"US1NYTM0039","ITHACA 8.5 W, NY US","2017-06-02","0.00",,,,,,,
"US1NYTM0039","ITHACA 8.5 W, NY US","2017-06-03","0.00",,,,,,,
"US1NYTM0039","ITHACA 8.5 W, NY US","2017-06-04","0.00",,,,,,,
"US1NYTM0039","ITHACA 8.5 W, NY US","2017-06-05","0.14",,,,,,,
"US1NYTM0039","ITHACA 8.5 W, NY US","2017-06-06","0.29",,,,,,,
"US1NYTM0039","ITHACA 8.5 W, NY US","2017-06-07","0.63",,,,,,,
"US1NYTM0039","ITHACA 8.5 W, NY US","2017-06-08","0.00",,,,,,,
"US1NYTM0039","ITHACA 8.5 W, NY US","2017-06-09","0.00",,,,,,,
"US1NYTM0039","ITHACA 8.5 W, NY US","2017-06-10","0.01",,,,,,,
"US1NYTM0039","ITHACA 8.5 W, NY US","2017-06-19","0.72",,,,,,,
"US1NYTM0039","ITHACA 8.5 W, NY US","2017-06-20","0.64",,,,,,,
"US1NYTM0039","ITHACA 8.5 W, NY US","2017-06-21","0.02",,,,,,,
"US1NYTM0039","ITHACA 8.5 W, NY US","2017-06-22","0.00",,,,,,,
"US1NYTM0039","ITHACA 8.5 W, NY US","2017-06-23","0.00",,,,,,,
"US1NYTM0039","ITHACA 8.5 W, NY US","2017-06-30","0.00",,,,,,,
"US1NYTM0039","ITHACA 8.5 W, NY US","2017-07-01","0.50",,,,,,,
"US1NYTM0039","ITHACA 8.5 W, NY US","2017-07-02","0.07",,,,,,,
"US1NYTM0039","ITHACA 8.5 W, NY US","2017-07-03","0.05",,,,,,,
"US1NYTM0039","ITHACA 8.5 W, NY US","2017-07-04","0.00",,,,,,,
"US1NYTM0039","ITHACA 8.5 W, NY US","2017-07-05","0.00",,,,,,,
"US1NYTM0039","ITHACA 8.5 W, NY US","2017-07-13","0.36",,,,,,,
"US1NYTM0039","ITHACA 8.5 W, NY US","2017-07-14","1.94",,,,,,,
"US1NYTM0039","ITHACA 8.5 W, NY US","2017-07-15","1.46",,,,,,,
"US1NYTM0039","ITHACA 8.5 W, NY US","2017-07-16","0.00",,,,,,,
"US1NYTM0039","ITHACA 8.5 W, NY US","2017-07-17","0.00",,,,,,,
"US1NYTM0039","ITHACA 8.5 W, NY US","2017-07-18","0.45",,,,,,,
"US1NYTM0039","ITHACA 8.5 W, NY US","2017-07-20","0.00",,,,,,,
"US1NYTM0039","ITHACA 8.5 W, NY US","2017-07-21","0.24",,,,,,,
"US1NYTM0039","ITHACA 8.5 W, NY US","2017-07-31","0.00",,,,,,,
"US1NYTM0039","ITHACA 8.5 W, NY US","2017-08-01","0.00",,,,,,,
"US1NYTM0039","ITHACA 8.5 W, NY US","2017-08-02","0.00",,,,,,,
"US1NYTM0039","ITHACA 8.5 W, NY US","2017-08-03","0.12",,,,,,,
"US1NYTM0039","ITHACA 8.5 W, NY US","2017-08-04","0.00",,,,,,,
"US1NYTM0039","ITHACA 8.5 W, NY US","2017-08-05","0.70",,,,,,,
"US1NYTM0039","ITHACA 8.5 W, NY US","2017-08-06","0.20",,,,,,,
"US1NYTM0039","ITHACA 8.5 W, NY US","2017-08-07","0.00",,,,,,,
"US1NYTM0039","ITHACA 8.5 W, NY US","2017-08-08","0.00",,,,,,,
"US1NYTM0039","ITHACA 8.5 W, NY US","2017-08-09","0.00",,,,,,,
"US1NYTM0039","ITHACA 8.5 W, NY US","2017-08-14","0.00",,,,,,,
"US1NYTM0039","ITHACA 8.5 W, NY US","2017-08-15","0.00",,,,,,,
"US1NYTM0039","ITHACA 8.5 W, NY US","2017-08-16","0.13",,,,,,,
"US1NYTM0039","ITHACA 8.5 W, NY US","2017-08-17","0.00",,,,,,,
"US1NYTM0039","ITHACA 8.5 W, NY US","2017-08-18","0.02",,,,,,,
"US1NYTM0039","ITHACA 8.5 W, NY US","2017-08-19","0.02",,,,,,,
"US1NYTM0039","ITHACA 8.5 W, NY US","2017-08-20","0.28",,,,,,,
"US1NYTM0039","ITHACA 8.5 W, NY US","2017-08-21","0.00",,,,,,,
"US1NYTM0039","ITHACA 8.5 W, NY US","2017-08-22","0.00",,,,,,,
"US1NYTM0039","ITHACA 8.5 W, NY US","2017-08-23","0.99",,,,,,,
"US1NYTM0039","ITHACA 8.5 W, NY US","2017-08-24","0.00",,,,,,,
"US1NYTM0039","ITHACA 8.5 W, NY US","2017-08-25","0.00",,,,,,,
"US1NYTM0039","ITHACA 8.5 W, NY US","2017-08-26","0.00",,,,,,,
"US1NYTM0039","ITHACA 8.5 W, NY US","2017-08-27","0.00",,,,,,,
"US1NYTM0039","ITHACA 8.5 W, NY US","2017-08-28","0.00",,,,,,,
"US1NYTM0039","ITHACA 8.5 W, NY US","2017-08-29","0.00",,,,,,,
"US1NYTM0039","ITHACA 8.5 W, NY US","2017-08-30","0.00",,,,,,,
"US1NYTM0039","ITHACA 8.5 W, NY US","2017-08-31","0.02",,,,,,,
"US1NYTM0039","ITHACA 8.5 W, NY US","2017-09-01","0.11",,,,,,,
"US1NYTM0039","ITHACA 8.5 W, NY US","2017-09-02","0.00",,,,,,,
"US1NYTM0039","ITHACA 8.5 W, NY US","2017-09-03","0.19",,,,,,,
"US1NYTM0039","ITHACA 8.5 W, NY US","2017-09-07","0.20",,,,,,,
"US1NYTM0039","ITHACA 8.5 W, NY US","2017-09-08","0.09",,,,,,,
"US1NYTM0039","ITHACA 8.5 W, NY US","2017-09-09","0.05",,,,,,,
"US1NYTM0039","ITHACA 8.5 W, NY US","2017-09-10","0.01",,,,,,,
"US1NYTM0039","ITHACA 8.5 W, NY US","2017-09-11","0.00",,,,,,,
"US1NYTM0039","ITHACA 8.5 W, NY US","2017-09-12","0.00",,,,,,,
"US1NYTM0039","ITHACA 8.5 W, NY US","2017-09-13","0.00",,,,,,,
"US1NYTM0039","ITHACA 8.5 W, NY US","2017-09-14","0.00",,,,,,,
"US1NYTM0039","ITHACA 8.5 W, NY US","2017-09-15","0.02",,,,,,,
"US1NYTM0039","ITHACA 8.5 W, NY US","2017-09-16","0.01",,,,,,,
"US1NYTM0039","ITHACA 8.5 W, NY US","2017-09-17","0.00",,,,,,,
"US1NYTM0039","ITHACA 8.5 W, NY US","2017-09-23","0.00",,,,,,,
"US1NYTM0039","ITHACA 8.5 W, NY US","2017-09-24","0.00",,,,,,,
"US1NYTM0039","ITHACA 8.5 W, NY US","2017-09-25","0.00",,,,,,,
"US1NYTM0039","ITHACA 8.5 W, NY US","2017-09-26","0.00",,,,,,,
"US1NYTM0039","ITHACA 8.5 W, NY US","2017-09-27","0.00",,,,,,,
"US1NYTM0039","ITHACA 8.5 W, NY US","2017-09-28","0.00",,,,,,,
"US1NYTM0039","ITHACA 8.5 W, NY US","2017-09-29","0.00",,,,,,,
"US1NYTM0039","ITHACA 8.5 W, NY US","2017-09-30","0.09",,,,,,,
"US1NYTM0039","ITHACA 8.5 W, NY US","2017-10-01","0.00",,,,,,,
"US1NYTM0039","ITHACA 8.5 W, NY US","2017-10-02","0.00",,,,,,,
"US1NYTM0039","ITHACA 8.5 W, NY US","2017-10-03","0.00",,,,,,,
"US1NYTM0039","ITHACA 8.5 W, NY US","2017-10-04","0.00",,,,,,,
"US1NYTM0039","ITHACA 8.5 W, NY US","2017-10-05","0.20",,,,,,,
"US1NYTM0039","ITHACA 8.5 W, NY US","2017-10-06","0.01",,,,,,,
"US1NYTM0039","ITHACA 8.5 W, NY US","2017-10-07","0.00",,,,,,,
"US1NYTM0039","ITHACA 8.5 W, NY US","2017-10-08","0.46",,,,,,,
"US1NYTM0039","ITHACA 8.5 W, NY US","2017-10-09","0.37",,,,,,,
"US1NYTM0039","ITHACA 8.5 W, NY US","2017-10-10","0.08",,,,,,,
"US1NYTM0039","ITHACA 8.5 W, NY US","2017-10-11","0.00",,,,,,,
"US1NYTM0039","ITHACA 8.5 W, NY US","2017-10-14","0.00",,,,,,,
"US1NYTM0039","ITHACA 8.5 W, NY US","2017-10-15","0.00",,,,,,,
"US1NYTM0039","ITHACA 8.5 W, NY US","2017-10-16","0.29",,,,,,,
"US1NYTM0039","ITHACA 8.5 W, NY US","2017-10-17","0.01",,,,,,,
"US1NYTM0039","ITHACA 8.5 W, NY US","2017-10-18","0.00",,,,,,,
"US1NYTM0039","ITHACA 8.5 W, NY US","2017-10-19","0.00",,,,,,,
"US1NYTM0039","ITHACA 8.5 W, NY US","2017-10-20","0.00",,,,,,,
"US1NYTM0039","ITHACA 8.5 W, NY US","2017-10-21","0.00",,,,,,,
"US1NYTM0039","ITHACA 8.5 W, NY US","2017-10-22","0.00",,,,,,,
"US1NYTM0039","ITHACA 8.5 W, NY US","2017-10-23","0.00",,,,,,,
"US1NYTM0039","ITHACA 8.5 W, NY US","2017-10-24","0.50",,,,,,,
"US1NYTM0039","ITHACA 8.5 W, NY US","2017-10-27","0.00",,,,,,,
"US1NYTM0039","ITHACA 8.5 W, NY US","2017-10-28","0.00",,,,,,,
"US1NYTM0039","ITHACA 8.5 W, NY US","2017-10-29","0.84",,,,,,,
"US1NYTM0039","ITHACA 8.5 W, NY US","2017-10-30","2.63",,,,,,,
"US1NYTM0039","ITHACA 8.5 W, NY US","2017-10-31","0.01",,,,,,,
"US1NYTM0039","ITHACA 8.5 W, NY US","2017-11-01","0.02",,,,,,,
"US1NYTM0039","ITHACA 8.5 W, NY US","2017-11-02","0.95",,,,,,,
"US1NYTM0039","ITHACA 8.5 W, NY US","2017-11-03","0.09",,,,,,,
"US1NYTM0039","ITHACA 8.5 W, NY US","2017-11-04","0.02",,,,,,,
"US1NYTM0039","ITHACA 8.5 W, NY US","2017-11-05","0.04",,,,,,,
"US1NYTM0039","ITHACA 8.5 W, NY US","2017-11-06","0.44",,,,,,,
"US1NYTM0039","ITHACA 8.5 W, NY US","2017-11-07","0.11",,,,,,,
"US1NYTM0039","ITHACA 8.5 W, NY US","2017-11-08","0.01",,,,,,,
"USC00304174","ITHACA CORNELL UNIVERSITY, NY US","2017-01-01","0.00","0.0","1.0","38","25","31",,
"USC00304174","ITHACA CORNELL UNIVERSITY, NY US","2017-01-02","0.00","0.0","1.0","40","21","30",,
"USC00304174","ITHACA CORNELL UNIVERSITY, NY US","2017-01-03","0.09","0.0","0.0","37","22","35",,
"USC00304174","ITHACA CORNELL UNIVERSITY, NY US","2017-01-04","0.37","0.0","0.0","41","35","40",,
"USC00304174","ITHACA CORNELL UNIVERSITY, NY US","2017-01-05","0.01","0.4","0.0","40","17","18",,
"USC00304174","ITHACA CORNELL UNIVERSITY, NY US","2017-01-06","0.03","1.0","1.0","25","11","12",,
"USC00304174","ITHACA CORNELL UNIVERSITY, NY US","2017-01-07","0.00","0.0","1.0","18","3","4",,
"USC00304174","ITHACA CORNELL UNIVERSITY, NY US","2017-01-08","0.00","0.0","1.0","21","4","8",,
"USC00304174","ITHACA CORNELL UNIVERSITY, NY US","2017-01-09","0.00","0.2","0.0","17","1","6",,
"USC00304174","ITHACA CORNELL UNIVERSITY, NY US","2017-01-10","0.00","0.0","0.0","20","6","18",,
"USC00304174","ITHACA CORNELL UNIVERSITY, NY US","2017-01-11","0.06","0.5","1.0","39","18","39",,
"USC00304174","ITHACA CORNELL UNIVERSITY, NY US","2017-01-12","0.02","0.0","0.0","48","39","47",,
"USC00304174","ITHACA CORNELL UNIVERSITY, NY US","2017-01-13","0.43","0.0","0.0","51","29","29",,
"USC00304174","ITHACA CORNELL UNIVERSITY, NY US","2017-01-14","0.00","0.0","0.0","29","18","19",,
"USC00304174","ITHACA CORNELL UNIVERSITY, NY US","2017-01-15","0.00","0.0","0.0","28","17","25",,
"USC00304174","ITHACA CORNELL UNIVERSITY, NY US","2017-01-16","0.00","0.0","0.0","28","12","19",,
"USC00304174","ITHACA CORNELL UNIVERSITY, NY US","2017-01-17","0.00","0.0","0.0","42","19","34",,
"USC00304174","ITHACA CORNELL UNIVERSITY, NY US","2017-01-18","0.43","0.0","0.0","38","34","37",,
"USC00304174","ITHACA CORNELL UNIVERSITY, NY US","2017-01-19","0.05","0.0","0.0","39","33","33",,
"USC00304174","ITHACA CORNELL UNIVERSITY, NY US","2017-01-20","0.01","0.0","0.0","36","32","33",,
"USC00304174","ITHACA CORNELL UNIVERSITY, NY US","2017-01-21","0.00","0.0","0.0","40","33","40",,
"USC00304174","ITHACA CORNELL UNIVERSITY, NY US","2017-01-22","0.00","0.0","0.0","54","36","36",,
"USC00304174","ITHACA CORNELL UNIVERSITY, NY US","2017-01-23","0.00","0.0","0.0","58","36","40",,
"USC00304174","ITHACA CORNELL UNIVERSITY, NY US","2017-01-24","0.91","3.6","4.0","40","29","29",,
"USC00304174","ITHACA CORNELL UNIVERSITY, NY US","2017-01-25","0.18","2.4","6.0","31","27","30",,
"USC00304174","ITHACA CORNELL UNIVERSITY, NY US","2017-01-26","0.00","0.0","3.0","40","30","39",,
"USC00304174","ITHACA CORNELL UNIVERSITY, NY US","2017-01-27","0.02","0.0","1.0","40","32","32",,
"USC00304174","ITHACA CORNELL UNIVERSITY, NY US","2017-01-28","0.01","0.2","0.0","33","27","28",,
"USC00304174","ITHACA CORNELL UNIVERSITY, NY US","2017-01-29","0.01","0.1","0.0","29","27","28",,
"USC00304174","ITHACA CORNELL UNIVERSITY, NY US","2017-01-30","0.01","0.5","1.0","31","15","19",,
"USC00304174","ITHACA CORNELL UNIVERSITY, NY US","2017-01-31","0.00","0.0","1.0","23","7","17",,
"USC00304174","ITHACA CORNELL UNIVERSITY, NY US","2017-02-01","0.05","0.6","2.0","33","17","32",,
"USC00304174","ITHACA CORNELL UNIVERSITY, NY US","2017-02-02","0.00","0.0","2.0","37","22","26",,
"USC00304174","ITHACA CORNELL UNIVERSITY, NY US","2017-02-03","0.04","0.8","3.0","29","17","17",,
"USC00304174","ITHACA CORNELL UNIVERSITY, NY US","2017-02-04","0.00","0.0","2.0","22","12","12",,
"USC00304174","ITHACA CORNELL UNIVERSITY, NY US","2017-02-05","0.00","0.0","1.0","28","12","27",,
"USC00304174","ITHACA CORNELL UNIVERSITY, NY US","2017-02-06","0.00","0.0","1.0","34","22","22",,
"USC00304174","ITHACA CORNELL UNIVERSITY, NY US","2017-02-07","0.00","0.0","1.0","37","22","31",,
"USC00304174","ITHACA CORNELL UNIVERSITY, NY US","2017-02-08","0.28","0.0","0.0","51","31","45",,
"USC00304174","ITHACA CORNELL UNIVERSITY, NY US","2017-02-09","0.26","2.2","2.0","45","15","15",,
"USC00304174","ITHACA CORNELL UNIVERSITY, NY US","2017-02-10","0.00","0.3","2.0","17","13","16",,
"USC00304174","ITHACA CORNELL UNIVERSITY, NY US","2017-02-11","0.04","0.4","2.0","28","16","28",,
"USC00304174","ITHACA CORNELL UNIVERSITY, NY US","2017-02-12","0.14","0.0","0.0","41","28","34",,
"USC00304174","ITHACA CORNELL UNIVERSITY, NY US","2017-02-13","0.69","4.0","4.0","36","25","26",,
"USC00304174","ITHACA CORNELL UNIVERSITY, NY US","2017-02-14","0.01","0.2","3.0","27","17","19",,
"USC00304174","ITHACA CORNELL UNIVERSITY, NY US","2017-02-15","0.01","0.0","2.0","43","19","35",,
"USC00304174","ITHACA CORNELL UNIVERSITY, NY US","2017-02-16","0.12","2.0","4.0","37","18","18",,
"USC00304174","ITHACA CORNELL UNIVERSITY, NY US","2017-02-17","0.00","0.5","4.0","23","18","20",,
"USC00304174","ITHACA CORNELL UNIVERSITY, NY US","2017-02-18","0.00","0.0","2.0","36","20","36",,
"USC00304174","ITHACA CORNELL UNIVERSITY, NY US","2017-02-19","0.00","0.0","0.0","64","30","32",,
"USC00304174","ITHACA CORNELL UNIVERSITY, NY US","2017-02-20","0.00","0.0","0.0","56","31","31",,
"USC00304174","ITHACA CORNELL UNIVERSITY, NY US","2017-02-21","0.00","0.0","0.0","40","22","32",,
"USC00304174","ITHACA CORNELL UNIVERSITY, NY US","2017-02-22","0.01","0.0","0.0","47","32","40",,
"USC00304174","ITHACA CORNELL UNIVERSITY, NY US","2017-02-23","0.00","0.0","0.0","60","40","48",,
"USC00304174","ITHACA CORNELL UNIVERSITY, NY US","2017-02-24","0.00","0.0","0.0","67","41","42",,
"USC00304174","ITHACA CORNELL UNIVERSITY, NY US","2017-02-25","0.00","0.0","0.0","73","42","62",,
"USC00304174","ITHACA CORNELL UNIVERSITY, NY US","2017-02-26","0.55","0.0","0.0","64","25","25",,
"USC00304174","ITHACA CORNELL UNIVERSITY, NY US","2017-02-27","0.00","0.0","0.0","34","24","33",,
"USC00304174","ITHACA CORNELL UNIVERSITY, NY US","2017-02-28","0.02","0.0","0.0","50","33","36",,
"USC00304174","ITHACA CORNELL UNIVERSITY, NY US","2017-03-01","0.00","0.0","0.0","60","35","55",,
"USC00304174","ITHACA CORNELL UNIVERSITY, NY US","2017-03-02","0.04","0.0","0.0","65","24","25",,
"USC00304174","ITHACA CORNELL UNIVERSITY, NY US","2017-03-03","0.01","0.2","0.0","33","12","12",,
"USC00304174","ITHACA CORNELL UNIVERSITY, NY US","2017-03-04","0.05","1.5","2.0","27","12","12",,
"USC00304174","ITHACA CORNELL UNIVERSITY, NY US","2017-03-05","0.02","0.4","1.0","14","-5","-5",,
"USC00304174","ITHACA CORNELL UNIVERSITY, NY US","2017-03-06","0.00","0.0","0.0","30","-5","26",,
"USC00304174","ITHACA CORNELL UNIVERSITY, NY US","2017-03-07","0.10","0.0","0.0","51","26","41",,
"USC00304174","ITHACA CORNELL UNIVERSITY, NY US","2017-03-08","0.52","0.0","0.0","53","34","35",,
"USC00304174","ITHACA CORNELL UNIVERSITY, NY US","2017-03-09","0.00","0.0","0.0","52","34","34",,
"USC00304174","ITHACA CORNELL UNIVERSITY, NY US","2017-03-10","0.00","0.0","0.0","43","27","27",,
"USC00304174","ITHACA CORNELL UNIVERSITY, NY US","2017-03-11","0.06","1.2","1.0","27","7","9",,
"USC00304174","ITHACA CORNELL UNIVERSITY, NY US","2017-03-12","0.04","1.0","1.0","17","8","8",,
"USC00304174","ITHACA CORNELL UNIVERSITY, NY US","2017-03-13","0.00","0.3","1.0","19","5","6",,
"USC00304174","ITHACA CORNELL UNIVERSITY, NY US","2017-03-14","0.31","3.0","3.0","28","6","18",,
"USC00304174","ITHACA CORNELL UNIVERSITY, NY US","2017-03-15","0.71","9.8","12.0","19","14","14",,
"USC00304174","ITHACA CORNELL UNIVERSITY, NY US","2017-03-16","0.10","2.6","13.0","20","14","19",,
"USC00304174","ITHACA CORNELL UNIVERSITY, NY US","2017-03-17","0.00","0.0","11.0","31","9","9",,
"USC00304174","ITHACA CORNELL UNIVERSITY, NY US","2017-03-18","0.00","0.0","9.0","38","6","28",,
"USC00304174","ITHACA CORNELL UNIVERSITY, NY US","2017-03-19","0.00","0.0","8.0","31","28","30",,
"USC00304174","ITHACA CORNELL UNIVERSITY, NY US","2017-03-20","0.00","0.0","7.0","41","12","13",,
"USC00304174","ITHACA CORNELL UNIVERSITY, NY US","2017-03-21","0.00","0.0","6.0","40","13","32",,
"USC00304174","ITHACA CORNELL UNIVERSITY, NY US","2017-03-22","0.02","0.4","4.0","48","18","18",,
"USC00304174","ITHACA CORNELL UNIVERSITY, NY US","2017-03-23","0.00","0.0","3.0","21","5","5",,
"USC00304174","ITHACA CORNELL UNIVERSITY, NY US","2017-03-24","0.00","0.0","2.0","37","5","35",,
"USC00304174","ITHACA CORNELL UNIVERSITY, NY US","2017-03-25","0.57","0.0","1.0","48","32","35",,
"USC00304174","ITHACA CORNELL UNIVERSITY, NY US","2017-03-26","0.34","0.0","0.0","36","33","36",,
"USC00304174","ITHACA CORNELL UNIVERSITY, NY US","2017-03-27","0.12","0.0","0.0","42","36","39",,
"USC00304174","ITHACA CORNELL UNIVERSITY, NY US","2017-03-28","0.00","0.0","0.0","57","39","44",,
"USC00304174","ITHACA CORNELL UNIVERSITY, NY US","2017-03-29","0.04","0.0","0.0","51","32","32",,
"USC00304174","ITHACA CORNELL UNIVERSITY, NY US","2017-03-30","0.00","0.0","0.0","46","24","26",,
"USC00304174","ITHACA CORNELL UNIVERSITY, NY US","2017-03-31","0.21","0.0","0.0","45","26","38",,
"USC00304174","ITHACA CORNELL UNIVERSITY, NY US","2017-04-01","0.39","0.0","0.0","40","34","34",,
"USC00304174","ITHACA CORNELL UNIVERSITY, NY US","2017-04-02","0.00","0.0","0.0","36","26","26",,
"USC00304174","ITHACA CORNELL UNIVERSITY, NY US","2017-04-03","0.00","0.0","0.0","56","26","34",,
"USC00304174","ITHACA CORNELL UNIVERSITY, NY US","2017-04-04","0.30","0.0","0.0","63","34","50",,
"USC00304174","ITHACA CORNELL UNIVERSITY, NY US","2017-04-05","0.08","0.0","0.0","64","41","41",,
"USC00304174","ITHACA CORNELL UNIVERSITY, NY US","2017-04-06","0.00","0.0","0.0","52","39","46",,
"USC00304174","ITHACA CORNELL UNIVERSITY, NY US","2017-04-07","1.20","0.4","0.0","47","32","32",,
"USC00304174","ITHACA CORNELL UNIVERSITY, NY US","2017-04-08","0.11","0.0","0.0","35","30","32",,
"USC00304174","ITHACA CORNELL UNIVERSITY, NY US","2017-04-09","0.00","0.0","0.0","47","26","31",,
"USC00304174","ITHACA CORNELL UNIVERSITY, NY US","2017-04-10","0.00","0.0","0.0","69","31","53",,
"USC00304174","ITHACA CORNELL UNIVERSITY, NY US","2017-04-11","0.00","0.0","0.0","79","53","55",,
"USC00304174","ITHACA CORNELL UNIVERSITY, NY US","2017-04-12","0.04","0.0","0.0","78","49","49",,
"USC00304174","ITHACA CORNELL UNIVERSITY, NY US","2017-04-13","0.00","0.0","0.0","54","36","36",,
"USC00304174","ITHACA CORNELL UNIVERSITY, NY US","2017-04-14","0.00","0.0","0.0","49","29","33",,
"USC00304174","ITHACA CORNELL UNIVERSITY, NY US","2017-04-15","0.00","0.0","0.0","62","33","51",,
"USC00304174","ITHACA CORNELL UNIVERSITY, NY US","2017-04-16","0.08","0.0","0.0","70","51","62",,
"USC00304174","ITHACA CORNELL UNIVERSITY, NY US","2017-04-17","0.19","0.0","0.0","80","50","50",,
"USC00304174","ITHACA CORNELL UNIVERSITY, NY US","2017-04-18","0.00","0.0","0.0","58","35","35",,
"USC00304174","ITHACA CORNELL UNIVERSITY, NY US","2017-04-19","0.00","0.0","0.0","58","34","46",,
"USC00304174","ITHACA CORNELL UNIVERSITY, NY US","2017-04-20","0.31","0.0","0.0","54","46","49",,
"USC00304174","ITHACA CORNELL UNIVERSITY, NY US","2017-04-21","1.66","0.0","0.0","57","44","56",,
"USC00304174","ITHACA CORNELL UNIVERSITY, NY US","2017-04-22","0.09","0.0","0.0","64","41","41",,
"USC00304174","ITHACA CORNELL UNIVERSITY, NY US","2017-04-23","0.00","0.0","0.0","46","28","35",,
"USC00304174","ITHACA CORNELL UNIVERSITY, NY US","2017-04-24","0.00","0.0","0.0","67","32","36",,
"USC00304174","ITHACA CORNELL UNIVERSITY, NY US","2017-04-25","0.00","0.0","0.0","67","36","51",,
"USC00304174","ITHACA CORNELL UNIVERSITY, NY US","2017-04-26","0.04","0.0","0.0","61","47","53",,
"USC00304174","ITHACA CORNELL UNIVERSITY, NY US","2017-04-27","0.00","0.0","0.0","76","53","57",,
"USC00304174","ITHACA CORNELL UNIVERSITY, NY US","2017-04-28","0.10","0.0","0.0","76","54","56",,
"USC00304174","ITHACA CORNELL UNIVERSITY, NY US","2017-04-29","0.00","0.0","0.0","75","56","59",,
"USC00304174","ITHACA CORNELL UNIVERSITY, NY US","2017-04-30","0.00","0.0","0.0","61","37","43",,
"USC00304174","ITHACA CORNELL UNIVERSITY, NY US","2017-05-01","0.00","0.0","0.0","66","43","59",,
"USC00304174","ITHACA CORNELL UNIVERSITY, NY US","2017-05-02","1.02","0.0","0.0","74","47","50",,
"USC00304174","ITHACA CORNELL UNIVERSITY, NY US","2017-05-03","0.11","0.0","0.0","59","44","44",,
"USC00304174","ITHACA CORNELL UNIVERSITY, NY US","2017-05-04","0.00","0.0","0.0","53","29","33",,
"USC00304174","ITHACA CORNELL UNIVERSITY, NY US","2017-05-05","0.30","0.0","0.0","53","33","46",,
"USC00304174","ITHACA CORNELL UNIVERSITY, NY US","2017-05-06","0.41","0.0","0.0","60","46","55",,
"USC00304174","ITHACA CORNELL UNIVERSITY, NY US","2017-05-07","0.47","0.0","0.0","55","40","40",,
"USC00304174","ITHACA CORNELL UNIVERSITY, NY US","2017-05-08","0.15","0.0","0.0","44","35","35",,
"USC00304174","ITHACA CORNELL UNIVERSITY, NY US","2017-05-09","0.00","0.0","0.0","48","31","34",,
"USC00304174","ITHACA CORNELL UNIVERSITY, NY US","2017-05-10","0.00","0.0","0.0","54","34","38",,
"USC00304174","ITHACA CORNELL UNIVERSITY, NY US","2017-05-11","0.00","0.0","0.0","53","34","37",,
"USC00304174","ITHACA CORNELL UNIVERSITY, NY US","2017-05-12","0.00","0.0","0.0","62","37","46",,
"USC00304174","ITHACA CORNELL UNIVERSITY, NY US","2017-05-13","0.18","0.0","0.0","63","46","48",,
"USC00304174","ITHACA CORNELL UNIVERSITY, NY US","2017-05-14","0.01","0.0","0.0","52","41","45",,
"USC00304174","ITHACA CORNELL UNIVERSITY, NY US","2017-05-15","0.34","0.0","0.0","59","44","46",,
"USC00304174","ITHACA CORNELL UNIVERSITY, NY US","2017-05-16","0.00","0.0","0.0","62","38","42",,
"USC00304174","ITHACA CORNELL UNIVERSITY, NY US","2017-05-17","0.01","0.0","0.0","68","42","62",,
"USC00304174","ITHACA CORNELL UNIVERSITY, NY US","2017-05-18","0.00","0.0","0.0","88","60","68",,
"USC00304174","ITHACA CORNELL UNIVERSITY, NY US","2017-05-19","0.09","0.0","0.0","89","60","66",,
"USC00304174","ITHACA CORNELL UNIVERSITY, NY US","2017-05-20","0.00","0.0","0.0","71","47","50",,
"USC00304174","ITHACA CORNELL UNIVERSITY, NY US","2017-05-21","0.00","0.0","0.0","68","45","58",,
"USC00304174","ITHACA CORNELL UNIVERSITY, NY US","2017-05-22","0.01","0.0","0.0","65","51","53",,
"USC00304174","ITHACA CORNELL UNIVERSITY, NY US","2017-05-23","0.22","0.0","0.0","69","39","44",,
"USC00304174","ITHACA CORNELL UNIVERSITY, NY US","2017-05-24","0.00","0.0","0.0","72","44","49",,
"USC00304174","ITHACA CORNELL UNIVERSITY, NY US","2017-05-25","0.00","0.0","0.0","73","49","56",,
"USC00304174","ITHACA CORNELL UNIVERSITY, NY US","2017-05-26","0.30","0.0","0.0","61","54","56",,
"USC00304174","ITHACA CORNELL UNIVERSITY, NY US","2017-05-27","0.04","0.0","0.0","61","55","57",,
"USC00304174","ITHACA CORNELL UNIVERSITY, NY US","2017-05-28","0.01","0.0","0.0","65","50","57",,
"USC00304174","ITHACA CORNELL UNIVERSITY, NY US","2017-05-29","0.13","0.0","0.0","75","55","55",,
"USC00304174","ITHACA CORNELL UNIVERSITY, NY US","2017-05-30","0.07","0.0","0.0","70","55","61",,
"USC00304174","ITHACA CORNELL UNIVERSITY, NY US","2017-05-31","0.60","0.0","0.0","66","56","59",,
"USC00304174","ITHACA CORNELL UNIVERSITY, NY US","2017-06-01","0.14","0.0","0.0","71","45","51",,
"USC00304174","ITHACA CORNELL UNIVERSITY, NY US","2017-06-02","0.00","0.0","0.0","70","40","45",,
"USC00304174","ITHACA CORNELL UNIVERSITY, NY US","2017-06-03","0.00","0.0","0.0","64","41","45",,
"USC00304174","ITHACA CORNELL UNIVERSITY, NY US","2017-06-04","0.00","0.0","0.0","67","39","45",,
"USC00304174","ITHACA CORNELL UNIVERSITY, NY US","2017-06-05","0.20","0.0","0.0","67","45","61",,
"USC00304174","ITHACA CORNELL UNIVERSITY, NY US","2017-06-06","0.30","0.0","0.0","74","54","54",,
"USC00304174","ITHACA CORNELL UNIVERSITY, NY US","2017-06-07","0.12","0.0","0.0","64","49","53",,
"USC00304174","ITHACA CORNELL UNIVERSITY, NY US","2017-06-08","0.00","0.0","0.0","70","43","52",,
"USC00304174","ITHACA CORNELL UNIVERSITY, NY US","2017-06-09","0.00","0.0","0.0","76","47","50",,
"USC00304174","ITHACA CORNELL UNIVERSITY, NY US","2017-06-10","0.00","0.0","0.0","76","50","61",,
"USC00304174","ITHACA CORNELL UNIVERSITY, NY US","2017-06-11","0.00","0.0","0.0","84","61","61",,
"USC00304174","ITHACA CORNELL UNIVERSITY, NY US","2017-06-12","0.00","0.0","0.0","89","61","67",,
"USC00304174","ITHACA CORNELL UNIVERSITY, NY US","2017-06-13","0.00","0.0","0.0","90","63","69",,
"USC00304174","ITHACA CORNELL UNIVERSITY, NY US","2017-06-14","0.00","0.0","0.0","83","58","58",,
"USC00304174","ITHACA CORNELL UNIVERSITY, NY US","2017-06-15","0.00","0.0","0.0","77","48","56",,
"USC00304174","ITHACA CORNELL UNIVERSITY, NY US","2017-06-16","0.25","0.0","0.0","77","55","60",,
"USC00304174","ITHACA CORNELL UNIVERSITY, NY US","2017-06-17","0.01","0.0","0.0","75","59","69",,
"USC00304174","ITHACA CORNELL UNIVERSITY, NY US","2017-06-18","0.00","0.0","0.0","83","69","72",,
"USC00304174","ITHACA CORNELL UNIVERSITY, NY US","2017-06-19","0.77","0.0","0.0","87","68","68",,
"USC00304174","ITHACA CORNELL UNIVERSITY, NY US","2017-06-20","0.85","0.0","0.0","74","57","62",,
"USC00304174","ITHACA CORNELL UNIVERSITY, NY US","2017-06-21","0.02","0.0","0.0","75","56","61",,
"USC00304174","ITHACA CORNELL UNIVERSITY, NY US","2017-06-22","0.00","0.0","0.0","74","49","57",,
"USC00304174","ITHACA CORNELL UNIVERSITY, NY US","2017-06-23","0.00","0.0","0.0","82","57","71",,
"USC00304174","ITHACA CORNELL UNIVERSITY, NY US","2017-06-24","0.39","0.0","0.0","78","60","62",,
"USC00304174","ITHACA CORNELL UNIVERSITY, NY US","2017-06-25","0.00","0.0","0.0","78","54","57",,
"USC00304174","ITHACA CORNELL UNIVERSITY, NY US","2017-06-26","0.28","0.0","0.0","73","48","53",,
"USC00304174","ITHACA CORNELL UNIVERSITY, NY US","2017-06-27","0.28","0.0","0.0","71","50","53",,
"USC00304174","ITHACA CORNELL UNIVERSITY, NY US","2017-06-28","0.08","0.0","0.0","67","46","54",,
"USC00304174","ITHACA CORNELL UNIVERSITY, NY US","2017-06-29","0.00","0.0","0.0","76","54","61",,
"USC00304174","ITHACA CORNELL UNIVERSITY, NY US","2017-06-30","0.00","0.0","0.0","80","61","71",,
"USC00304174","ITHACA CORNELL UNIVERSITY, NY US","2017-07-01","0.35","0.0","0.0","81","66","67",,
"USC00304174","ITHACA CORNELL UNIVERSITY, NY US","2017-07-02","0.18","0.0","0.0","80","60","62",,
"USC00304174","ITHACA CORNELL UNIVERSITY, NY US","2017-07-03","0.01","0.0","0.0","81","57","61",,
"USC00304174","ITHACA CORNELL UNIVERSITY, NY US","2017-07-04","0.00","0.0","0.0","77","51","54",,
"USC00304174","ITHACA CORNELL UNIVERSITY, NY US","2017-07-05","0.00","0.0","0.0","78","49","55",,
"USC00304174","ITHACA CORNELL UNIVERSITY, NY US","2017-07-06","0.00","0.0","0.0","82","55","68",,
"USC00304174","ITHACA CORNELL UNIVERSITY, NY US","2017-07-07","0.00","0.0","0.0","77","65","68",,
"USC00304174","ITHACA CORNELL UNIVERSITY, NY US","2017-07-08","0.00","0.0","0.0","81","64","69",,
"USC00304174","ITHACA CORNELL UNIVERSITY, NY US","2017-07-09","0.00","0.0","0.0","75","49","60",,
"USC00304174","ITHACA CORNELL UNIVERSITY, NY US","2017-07-10","0.00","0.0","0.0","78","53","61",,
"USC00304174","ITHACA CORNELL UNIVERSITY, NY US","2017-07-11","0.10","0.0","0.0","79","61","65",,
"USC00304174","ITHACA CORNELL UNIVERSITY, NY US","2017-07-12","0.00","0.0","0.0","83","64","67",,
"USC00304174","ITHACA CORNELL UNIVERSITY, NY US","2017-07-13","0.18","0.0","0.0","81","67","72",,
"USC00304174","ITHACA CORNELL UNIVERSITY, NY US","2017-07-14","2.08","0.0","0.0","75","65","69",,
"USC00304174","ITHACA CORNELL UNIVERSITY, NY US","2017-07-15","0.88","0.0","0.0","83","61","63",,
"USC00304174","ITHACA CORNELL UNIVERSITY, NY US","2017-07-16","0.00","0.0","0.0","74","55","59",,
"USC00304174","ITHACA CORNELL UNIVERSITY, NY US","2017-07-17","0.00","0.0","0.0","82","59","66",,
"USC00304174","ITHACA CORNELL UNIVERSITY, NY US","2017-07-18","0.28","0.0","0.0","82","59","60",,
"USC00304174","ITHACA CORNELL UNIVERSITY, NY US","2017-07-19","0.00","0.0","0.0","84","57","60",,
"USC00304174","ITHACA CORNELL UNIVERSITY, NY US","2017-07-20","0.00","0.0","0.0","85","60","66",,
"USC00304174","ITHACA CORNELL UNIVERSITY, NY US","2017-07-21","0.60","0.0","0.0","83","64","72",,
"USC00304174","ITHACA CORNELL UNIVERSITY, NY US","2017-07-22","0.00","0.0","0.0","85","62","63",,
"USC00304174","ITHACA CORNELL UNIVERSITY, NY US","2017-07-23","0.00","0.0","0.0","77","60","64",,
"USC00304174","ITHACA CORNELL UNIVERSITY, NY US","2017-07-24","1.16","0.0","0.0","81","64","64",,
"USC00304174","ITHACA CORNELL UNIVERSITY, NY US","2017-07-25","0.67","0.0","0.0","77","59","60",,
"USC00304174","ITHACA CORNELL UNIVERSITY, NY US","2017-07-26","0.07","0.0","0.0","64","58","60",,
"USC00304174","ITHACA CORNELL UNIVERSITY, NY US","2017-07-27","0.01","0.0","0.0","74","60","63",,
"USC00304174","ITHACA CORNELL UNIVERSITY, NY US","2017-07-28","0.08","0.0","0.0","77","62","63",,
"USC00304174","ITHACA CORNELL UNIVERSITY, NY US","2017-07-29","0.00","0.0","0.0","74","52","53",,
"USC00304174","ITHACA CORNELL UNIVERSITY, NY US","2017-07-30","0.00","0.0","0.0","74","46","50",,
"USC00304174","ITHACA CORNELL UNIVERSITY, NY US","2017-07-31","0.00","0.0","0.0","78","50","57",,
"USC00304174","ITHACA CORNELL UNIVERSITY, NY US","2017-08-01","0.00","0.0","0.0","82","57","60",,
"USC00304174","ITHACA CORNELL UNIVERSITY, NY US","2017-08-02","0.00","0.0","0.0","84","60","61",,
"USC00304174","ITHACA CORNELL UNIVERSITY, NY US","2017-08-03","0.02","0.0","0.0","84","61","65",,
"USC00304174","ITHACA CORNELL UNIVERSITY, NY US","2017-08-04","0.00","0.0","0.0","83","65","68",,
"USC00304174","ITHACA CORNELL UNIVERSITY, NY US","2017-08-05","0.40","0.0","0.0","84","61","64",,
"USC00304174","ITHACA CORNELL UNIVERSITY, NY US","2017-08-06","0.00","0.0","0.0","69","48","50",,
"USC00304174","ITHACA CORNELL UNIVERSITY, NY US","2017-08-07","0.00","0.0","0.0","75","50","58",,
"USC00304174","ITHACA CORNELL UNIVERSITY, NY US","2017-08-08","0.00","0.0","0.0","72","57","60",,
"USC00304174","ITHACA CORNELL UNIVERSITY, NY US","2017-08-09","0.00","0.0","0.0","73","50","52",,
"USC00304174","ITHACA CORNELL UNIVERSITY, NY US","2017-08-10","0.00","0.0","0.0","81","52","56",,
"USC00304174","ITHACA CORNELL UNIVERSITY, NY US","2017-08-11","0.00","0.0","0.0","80","56","64",,
"USC00304174","ITHACA CORNELL UNIVERSITY, NY US","2017-08-12","0.00","0.0","0.0","76","63","65",,
"USC00304174","ITHACA CORNELL UNIVERSITY, NY US","2017-08-13","0.82","0.0","0.0","80","58","63",,
"USC00304174","ITHACA CORNELL UNIVERSITY, NY US","2017-08-14","0.00","0.0","0.0","76","54","55",,
"USC00304174","ITHACA CORNELL UNIVERSITY, NY US","2017-08-15","0.00","0.0","0.0","78","55","66",,
"USC00304174","ITHACA CORNELL UNIVERSITY, NY US","2017-08-16","0.33","0.0","0.0","82","57","58",,
"USC00304174","ITHACA CORNELL UNIVERSITY, NY US","2017-08-17","0.00","0.0","0.0","76","50","52",,
"USC00304174","ITHACA CORNELL UNIVERSITY, NY US","2017-08-18","0.01","0.0","0.0","81","51","73",,
"USC00304174","ITHACA CORNELL UNIVERSITY, NY US","2017-08-19","0.02","0.0","0.0","84","61","64",,
"USC00304174","ITHACA CORNELL UNIVERSITY, NY US","2017-08-20","0.31","0.0","0.0","78","61","61",,
"USC00304174","ITHACA CORNELL UNIVERSITY, NY US","2017-08-21","0.00","0.0","0.0","81","57","59",,
"USC00304174","ITHACA CORNELL UNIVERSITY, NY US","2017-08-22","0.00","0.0","0.0","82","58","69",,
"USC00304174","ITHACA CORNELL UNIVERSITY, NY US","2017-08-23","0.46","0.0","0.0","86","53","54",,
"USC00304174","ITHACA CORNELL UNIVERSITY, NY US","2017-08-24","0.00","0.0","0.0","74","49","50",,
"USC00304174","ITHACA CORNELL UNIVERSITY, NY US","2017-08-25","0.00","0.0","0.0","70","48","49",,
"USC00304174","ITHACA CORNELL UNIVERSITY, NY US","2017-08-26","0.00","0.0","0.0","71","42","42",,
"USC00304174","ITHACA CORNELL UNIVERSITY, NY US","2017-08-27","0.00","0.0","0.0","71","41","43",,
"USC00304174","ITHACA CORNELL UNIVERSITY, NY US","2017-08-28","0.00","0.0","0.0","73","43","49",,
"USC00304174","ITHACA CORNELL UNIVERSITY, NY US","2017-08-29","0.00","0.0","0.0","70","49","50",,
"USC00304174","ITHACA CORNELL UNIVERSITY, NY US","2017-08-30","0.00","0.0","0.0","68","45","46",,
"USC00304174","ITHACA CORNELL UNIVERSITY, NY US","2017-08-31","0.00","0.0","0.0","74","46","57",,
"USC00304174","ITHACA CORNELL UNIVERSITY, NY US","2017-09-01","0.09","0.0","0.0","66","39","40",,
"USC00304174","ITHACA CORNELL UNIVERSITY, NY US","2017-09-02","0.00","0.0","0.0","61","35","38",,
"USC00304174","ITHACA CORNELL UNIVERSITY, NY US","2017-09-03","0.28","0.0","0.0","68","38","54",,
"USC00304174","ITHACA CORNELL UNIVERSITY, NY US","2017-09-04","0.18","0.0","0.0","65","53","54",,
"USC00304174","ITHACA CORNELL UNIVERSITY, NY US","2017-09-05","0.16","0.0","0.0","78","54","62",,
"USC00304174","ITHACA CORNELL UNIVERSITY, NY US","2017-09-06","1.11","0.0","0.0","63","51","55",,
"USC00304174","ITHACA CORNELL UNIVERSITY, NY US","2017-09-07","0.06","0.0","0.0","63","51","51",,
"USC00304174","ITHACA CORNELL UNIVERSITY, NY US","2017-09-08","0.03","0.0","0.0","66","47","51",,
"USC00304174","ITHACA CORNELL UNIVERSITY, NY US","2017-09-09","0.09","0.0","0.0","62","48","49",,
"USC00304174","ITHACA CORNELL UNIVERSITY, NY US","2017-09-10","0.00","0.0","0.0","58","40","42",,
"USC00304174","ITHACA CORNELL UNIVERSITY, NY US","2017-09-11","0.00","0.0","0.0","63","35","38",,
"USC00304174","ITHACA CORNELL UNIVERSITY, NY US","2017-09-12","0.00","0.0","0.0","73","38","45",,
"USC00304174","ITHACA CORNELL UNIVERSITY, NY US","2017-09-13","0.00","0.0","0.0","77","45","48",,
"USC00304174","ITHACA CORNELL UNIVERSITY, NY US","2017-09-14","0.05","0.0","0.0","77","48","63",,
"USC00304174","ITHACA CORNELL UNIVERSITY, NY US","2017-09-15","0.05","0.0","0.0","70","53","54",,
"USC00304174","ITHACA CORNELL UNIVERSITY, NY US","2017-09-16","0.00","0.0","0.0","78","54","57",,
"USC00304174","ITHACA CORNELL UNIVERSITY, NY US","2017-09-17","0.00","0.0","0.0","79","56","57",,
"USC00304174","ITHACA CORNELL UNIVERSITY, NY US","2017-09-18","0.00","0.0","0.0","83","57","58",,
"USC00304174","ITHACA CORNELL UNIVERSITY, NY US","2017-09-19","0.00","0.0","0.0","82","57","58",,
"USC00304174","ITHACA CORNELL UNIVERSITY, NY US","2017-09-20","0.00","0.0","0.0","80","50","52",,
"USC00304174","ITHACA CORNELL UNIVERSITY, NY US","2017-09-21","0.00","0.0","0.0","78","51","63",,
"USC00304174","ITHACA CORNELL UNIVERSITY, NY US","2017-09-22","0.00","0.0","0.0","76","56","59",,
"USC00304174","ITHACA CORNELL UNIVERSITY, NY US","2017-09-23","0.00","0.0","0.0","75","49","49",,
"USC00304174","ITHACA CORNELL UNIVERSITY, NY US","2017-09-24","0.00","0.0","0.0","83","49","58",,
"USC00304174","ITHACA CORNELL UNIVERSITY, NY US","2017-09-25","0.00","0.0","0.0","86","57","58",,
"USC00304174","ITHACA CORNELL UNIVERSITY, NY US","2017-09-26","0.00","0.0","0.0","89","58","61",,
"USC00304174","ITHACA CORNELL UNIVERSITY, NY US","2017-09-27","0.00","0.0","0.0","89","60","61",,
"USC00304174","ITHACA CORNELL UNIVERSITY, NY US","2017-09-28","0.00","0.0","0.0","89","58","58",,
"USC00304174","ITHACA CORNELL UNIVERSITY, NY US","2017-09-29","0.00","0.0","0.0","59","40","44",,
"USC00304174","ITHACA CORNELL UNIVERSITY, NY US","2017-09-30","0.12","0.0","0.0","62","44","47",,
"USC00304174","ITHACA CORNELL UNIVERSITY, NY US","2017-10-01","0.00","0.0","0.0","55","31","33",,
"USC00304174","ITHACA CORNELL UNIVERSITY, NY US","2017-10-02","0.00","0.0","0.0","62","31","35",,
"USC00304174","ITHACA CORNELL UNIVERSITY, NY US","2017-10-03","0.00","0.0","0.0","70","33","46",,
"USC00304174","ITHACA CORNELL UNIVERSITY, NY US","2017-10-04","0.00","0.0","0.0","73","45","50",,
"USC00304174","ITHACA CORNELL UNIVERSITY, NY US","2017-10-05","0.30","0.0","0.0","82","50","58",,
"USC00304174","ITHACA CORNELL UNIVERSITY, NY US","2017-10-06","0.01","0.0","0.0","74","47","49",,
"USC00304174","ITHACA CORNELL UNIVERSITY, NY US","2017-10-07","0.02","0.0","0.0","70","49","63",,
"USC00304174","ITHACA CORNELL UNIVERSITY, NY US","2017-10-08","0.32","0.0","0.0","80","63","71",,
"USC00304174","ITHACA CORNELL UNIVERSITY, NY US","2017-10-09","0.48","0.0","0.0","75","59","68",,
"USC00304174","ITHACA CORNELL UNIVERSITY, NY US","2017-10-10","0.11","0.0","0.0","76","60","61",,
"USC00304174","ITHACA CORNELL UNIVERSITY, NY US","2017-10-11","0.00","0.0","0.0","72","52","53",,
"USC00304174","ITHACA CORNELL UNIVERSITY, NY US","2017-10-12","0.42","0.0","0.0","63","50","51",,
"USC00304174","ITHACA CORNELL UNIVERSITY, NY US","2017-10-13","0.00","0.0","0.0","61","48","48",,
"USC00304174","ITHACA CORNELL UNIVERSITY, NY US","2017-10-14","0.00","0.0","0.0","60","48","58",,
"USC00304174","ITHACA CORNELL UNIVERSITY, NY US","2017-10-15","0.00","0.0","0.0","68","57","60",,
"USC00304174","ITHACA CORNELL UNIVERSITY, NY US","2017-10-16","0.29","0.0","0.0","76","43","43",,
"USC00304174","ITHACA CORNELL UNIVERSITY, NY US","2017-10-17","0.10","0.0","0.0","49","28","29",,
"USC00304174","ITHACA CORNELL UNIVERSITY, NY US","2017-10-18","0.00","0.0","0.0","60","29","44",,
"USC00304174","ITHACA CORNELL UNIVERSITY, NY US","2017-10-19","0.00","0.0","0.0","71","42","47",,
"USC00304174","ITHACA CORNELL UNIVERSITY, NY US","2017-10-20","0.00","0.0","0.0","72","38","38",,
"USC00304174","ITHACA CORNELL UNIVERSITY, NY US","2017-10-21","0.00","0.0","0.0","64","36","36",,
"USC00304174","ITHACA CORNELL UNIVERSITY, NY US","2017-10-22","0.00","0.0","0.0","74","36","53",,
"USC00304174","ITHACA CORNELL UNIVERSITY, NY US","2017-10-23","0.00","0.0","0.0","72","50","55",,
"USC00304174","ITHACA CORNELL UNIVERSITY, NY US","2017-10-24","0.50","0.0","0.0","70","54","63",,
"USC00304174","ITHACA CORNELL UNIVERSITY, NY US","2017-10-25","0.30","0.0","0.0","68","43","45",,
"USC00304174","ITHACA CORNELL UNIVERSITY, NY US","2017-10-26","0.01","0.0","0.0","58","35","44",,
"USC00304174","ITHACA CORNELL UNIVERSITY, NY US","2017-10-27","0.00","0.0","0.0","50","30","34",,
"USC00304174","ITHACA CORNELL UNIVERSITY, NY US","2017-10-28","0.00","0.0","0.0","62","34","50",,
"USC00304174","ITHACA CORNELL UNIVERSITY, NY US","2017-10-29","0.99","0.0","0.0","67","42","43",,
"USC00304174","ITHACA CORNELL UNIVERSITY, NY US","2017-10-30","3.19","0.0","0.0","46","39","41",,
"USC00304174","ITHACA CORNELL UNIVERSITY, NY US","2017-10-31","0.02","0.0","0.0","49","41","42",,
"USC00304174","ITHACA CORNELL UNIVERSITY, NY US","2017-11-01","0.00","0.0","0.0","48","30","33",,
"USC00304174","ITHACA CORNELL UNIVERSITY, NY US","2017-11-02","0.55","0.0","0.0","52","33","51",,
"USC00304174","ITHACA CORNELL UNIVERSITY, NY US","2017-11-03","0.07","0.0","0.0","64","51","56",,
"USC00304174","ITHACA CORNELL UNIVERSITY, NY US","2017-11-04","0.04","0.0","0.0","58","32","32",,
"USC00304174","ITHACA CORNELL UNIVERSITY, NY US","2017-11-05","0.00","0.0","0.0","49","31","49",,
"USC00304174","ITHACA CORNELL UNIVERSITY, NY US","2017-11-06","0.17","0.0","0.0","59","49","57",,
"USC00304174","ITHACA CORNELL UNIVERSITY, NY US","2017-11-07","0.59","0.0","0.0","58","35","35",,
"USC00304174","ITHACA CORNELL UNIVERSITY, NY US","2017-11-08","0.00","0.0","0.0","38","21","24",,
"USC00304174","ITHACA CORNELL UNIVERSITY, NY US","2017-11-09","0.00","0.0","0.0","46","22","24",,
"USC00304174","ITHACA CORNELL UNIVERSITY, NY US","2017-11-10","0.07","0.1","0.0","45","22","22",,
"USC00304174","ITHACA CORNELL UNIVERSITY, NY US","2017-11-11","0.00","0.0","0.0","22","16","17",,
"USC00304174","ITHACA CORNELL UNIVERSITY, NY US","2017-11-12","0.00","0.0","0.0","33","17","24",,
"USC00304174","ITHACA CORNELL UNIVERSITY, NY US","2017-11-13","0.05","0.0","0.0","42","24","33",,
"USC00304174","ITHACA CORNELL UNIVERSITY, NY US","2017-11-14","0.03","0.0","0.0","46","33","37",,
"USC00304174","ITHACA CORNELL UNIVERSITY, NY US","2017-11-15","0.00","0.0","0.0","39","26","28",,
"USC00304174","ITHACA CORNELL UNIVERSITY, NY US","2017-11-16","0.02","0.0","0.0","45","27","44",,
"USC00304174","ITHACA CORNELL UNIVERSITY, NY US","2017-11-17","0.09","0.0","0.0","47","30","30",,
"USC00304174","ITHACA CORNELL UNIVERSITY, NY US","2017-11-18","0.00","0.0","0.0","36","27","36",,
"USC00304174","ITHACA CORNELL UNIVERSITY, NY US","2017-11-19","0.24","0.0","0.0","51","36","36",,
"USC00304174","ITHACA CORNELL UNIVERSITY, NY US","2017-11-20","0.01","0.1","0.0","37","27","30",,
"USC00304174","ITHACA CORNELL UNIVERSITY, NY US","2017-11-21","0.00","0.0","0.0","38","29","34",,
"USC00304174","ITHACA CORNELL UNIVERSITY, NY US","2017-11-22","0.07","0.0","0.0","57","33","33",,
"USC00304174","ITHACA CORNELL UNIVERSITY, NY US","2017-11-23","0.02","0.0","0.0","35","26","26",,
"USC00304174","ITHACA CORNELL UNIVERSITY, NY US","2017-11-24","0.00","0.0","0.0","35","26","32",,
"USC00304174","ITHACA CORNELL UNIVERSITY, NY US","2017-11-25","0.00","0.0","0.0","52","31","40",,
"USC00304174","ITHACA CORNELL UNIVERSITY, NY US","2017-11-26","0.03","0.0","0.0","55","32","33",,
"USC00304174","ITHACA CORNELL UNIVERSITY, NY US","2017-11-27","0.00","0.0","0.0","38","31","37",,
"USC00304174","ITHACA CORNELL UNIVERSITY, NY US","2017-11-28","0.00","0.0","0.0","37","22","31",,
"USC00304174","ITHACA CORNELL UNIVERSITY, NY US","2017-11-29","0.00","0.0","0.0","54","31","49",,
"USC00304174","ITHACA CORNELL UNIVERSITY, NY US","2017-11-30","0.00","0.0","0.0","50","22","29",,
"USC00304174","ITHACA CORNELL UNIVERSITY, NY US","2017-12-01","0.06","0.0","0.0","47","29","40",,
"USC00304174","ITHACA CORNELL UNIVERSITY, NY US","2017-12-02","0.00","0.0","0.0","42","21","26",,
"USC00304174","ITHACA CORNELL UNIVERSITY, NY US","2017-12-03","0.00","0.0","0.0","41","26","31",,
"USC00304174","ITHACA CORNELL UNIVERSITY, NY US","2017-12-04","0.00","0.0","0.0","48","22","24",,
"USC00304174","ITHACA CORNELL UNIVERSITY, NY US","2017-12-05","0.00","0.0","0.0","48","24","48",,
"USC00304174","ITHACA CORNELL UNIVERSITY, NY US","2017-12-06","0.05","0.0","0.0","51","26","28",,
"USC00304174","ITHACA CORNELL UNIVERSITY, NY US","2017-12-07","0.00","0.0","0.0","38","27","31",,
"USC00304174","ITHACA CORNELL UNIVERSITY, NY US","2017-12-08","0.03","0.4","0.0","37","24","24",,
"USC00304174","ITHACA CORNELL UNIVERSITY, NY US","2017-12-09","0.00","0.0","0.0","30","21","22",,
"USC00304174","ITHACA CORNELL UNIVERSITY, NY US","2017-12-10","0.00","0.0","0.0","29","18","27",,
"USC00304174","ITHACA CORNELL UNIVERSITY, NY US","2017-12-11","0.00","0.0","0.0","31","26","27",,
"USC00304174","ITHACA CORNELL UNIVERSITY, NY US","2017-12-12","0.04","0.5","0.0","32","26","31",,
"USC00304174","ITHACA CORNELL UNIVERSITY, NY US","2017-12-13","0.02","0.3","0.0","34","12","12",,
"USC00304174","ITHACA CORNELL UNIVERSITY, NY US","2017-12-14","0.07","1.2","1.0","20","12","14",,
"USC00304174","ITHACA CORNELL UNIVERSITY, NY US","2017-12-15","0.01","0.3","2.0","16","-2","7",,
"USC00304174","ITHACA CORNELL UNIVERSITY, NY US","2017-12-16","0.02","1.2","3.0","23","7","22",,
"USC00304174","ITHACA CORNELL UNIVERSITY, NY US","2017-12-17","0.03","0.8","3.0","27","20","20",,
"USC00304174","ITHACA CORNELL UNIVERSITY, NY US","2017-12-18","0.00","0.0","3.0","33","20","33",,
"USC00304174","ITHACA CORNELL UNIVERSITY, NY US","2017-12-19","0.00","0.0","0.0","41","33","40",,
"USC00304174","ITHACA CORNELL UNIVERSITY, NY US","2017-12-20","0.00","0.0","0.0","50","32","33",,
"USC00304174","ITHACA CORNELL UNIVERSITY, NY US","2017-12-21","0.00","0.0","0.0","34","23","23",,
"USC00304174","ITHACA CORNELL UNIVERSITY, NY US","2017-12-22","0.05","0.0","0.0","30","23","29",,
"USC00304174","ITHACA CORNELL UNIVERSITY, NY US","2017-12-23","0.17","0.0","0.0","40","28","39",,
"USC00304174","ITHACA CORNELL UNIVERSITY, NY US","2017-12-24","0.48","0.4","0.0","43","28","28",,
"USC00304174","ITHACA CORNELL UNIVERSITY, NY US","2017-12-25","0.06","1.2","1.0","32","28","28",,
"USC00304174","ITHACA CORNELL UNIVERSITY, NY US","2017-12-26","0.00","0.2","1.0","28","11","11",,
"USC00304174","ITHACA CORNELL UNIVERSITY, NY US","2017-12-27","0.00","0.0","1.0","16","6","7",,
"USC00304174","ITHACA CORNELL UNIVERSITY, NY US","2017-12-28","0.00","0.0","1.0","15","2","2",,
"USC00304174","ITHACA CORNELL UNIVERSITY, NY US","2017-12-29","0.04","0.7","2.0","8","2","7",,
"USC00304174","ITHACA CORNELL UNIVERSITY, NY US","2017-12-30","0.09","0.8","2.0","14","-3","10",,
"USC00304174","ITHACA CORNELL UNIVERSITY, NY US","2017-12-31","0.10","1.5","3.0","18","1","3",,
"USC00304174","ITHACA CORNELL UNIVERSITY, NY US","2018-01-01","0.04","1.0","3.0","5","0","3",,
"US1NYTM0023","FREEVILLE 3.7 W, NY US","2017-01-01","0.00","0.0",,,,,,
"US1NYTM0023","FREEVILLE 3.7 W, NY US","2017-01-02","0.00","0.0",,,,,,
"US1NYTM0023","FREEVILLE 3.7 W, NY US","2017-01-03","0.06","0.0",,,,,,
"US1NYTM0023","FREEVILLE 3.7 W, NY US","2017-01-04","0.47","0.0",,,,,,
"US1NYTM0023","FREEVILLE 3.7 W, NY US","2017-01-05","0.02","1.0",,,,,,
"US1NYTM0023","FREEVILLE 3.7 W, NY US","2017-01-06","0.03","0.5",,,,,,
"US1NYTM0023","FREEVILLE 3.7 W, NY US","2017-01-07","0.00","0.0",,,,,,
"US1NYTM0023","FREEVILLE 3.7 W, NY US","2017-01-08","0.00","0.0",,,,,,
"US1NYTM0023","FREEVILLE 3.7 W, NY US","2017-01-09","0.02","0.5",,,,,,
"US1NYTM0023","FREEVILLE 3.7 W, NY US","2017-01-10","0.00","0.0",,,,,,
"US1NYTM0023","FREEVILLE 3.7 W, NY US","2017-01-11","0.21","0.7",,,,,,
"US1NYTM0023","FREEVILLE 3.7 W, NY US","2017-01-12","0.03","0.0",,,,,,
"US1NYTM0023","FREEVILLE 3.7 W, NY US","2017-01-13","0.63","0.0",,,,,,
"US1NYTM0023","FREEVILLE 3.7 W, NY US","2017-01-14","0.00","0.0",,,,,,
"US1NYTM0023","FREEVILLE 3.7 W, NY US","2017-01-15","0.00","0.0",,,,,,
"US1NYTM0023","FREEVILLE 3.7 W, NY US","2017-01-16","0.00","0.0",,,,,,
"US1NYTM0023","FREEVILLE 3.7 W, NY US","2017-01-17","0.00","0.0",,,,,,
"US1NYTM0023","FREEVILLE 3.7 W, NY US","2017-01-18","0.77","0.0",,,,,,
"US1NYTM0023","FREEVILLE 3.7 W, NY US","2017-01-19","0.10","0.0",,,,,,
"US1NYTM0023","FREEVILLE 3.7 W, NY US","2017-01-28","0.03","0.3",,,,,,
"US1NYTM0023","FREEVILLE 3.7 W, NY US","2017-01-29","0.01","0.2",,,,,,
"US1NYTM0023","FREEVILLE 3.7 W, NY US","2017-01-30","0.03","0.5",,,,,,
"US1NYTM0023","FREEVILLE 3.7 W, NY US","2017-01-31","0.00","0.1",,,,,,
"US1NYTM0023","FREEVILLE 3.7 W, NY US","2017-02-01","0.16","2.0",,,,,,
"US1NYTM0023","FREEVILLE 3.7 W, NY US","2017-02-02","0.01","0.2",,,,,,
"US1NYTM0023","FREEVILLE 3.7 W, NY US","2017-02-03","0.00","0.2",,,,,,
"US1NYTM0023","FREEVILLE 3.7 W, NY US","2017-02-04","0.00","0.0",,,,,,
"US1NYTM0023","FREEVILLE 3.7 W, NY US","2017-02-05","0.00","0.0",,,,,,
"US1NYTM0023","FREEVILLE 3.7 W, NY US","2017-02-06","0.00","0.0",,,,,,
"US1NYTM0023","FREEVILLE 3.7 W, NY US","2017-02-07","0.00","0.0",,,,,,
"US1NYTM0023","FREEVILLE 3.7 W, NY US","2017-02-08","0.26","0.0",,,,,,
"US1NYTM0023","FREEVILLE 3.7 W, NY US","2017-02-09","0.30","2.5",,,,,,
"US1NYTM0023","FREEVILLE 3.7 W, NY US","2017-02-10","0.01","0.1",,,,,,
"US1NYTM0023","FREEVILLE 3.7 W, NY US","2017-02-11","0.04","0.8",,,,,,
"US1NYTM0023","FREEVILLE 3.7 W, NY US","2017-02-12","0.13","0.0",,,,,,
"US1NYTM0023","FREEVILLE 3.7 W, NY US","2017-02-13","0.67","2.0",,,,,,
"US1NYTM0023","FREEVILLE 3.7 W, NY US","2017-02-14","0.05","0.5",,,,,,
"US1NYTM0023","FREEVILLE 3.7 W, NY US","2017-02-15","0.00","0.0",,,,,,
"US1NYTM0023","FREEVILLE 3.7 W, NY US","2017-02-16","0.34","3.5",,,,,,
"US1NYTM0023","FREEVILLE 3.7 W, NY US","2017-02-17","0.03","1.5",,,,,,
"US1NYTM0023","FREEVILLE 3.7 W, NY US","2017-02-18","0.00","0.0",,,,,,
"US1NYTM0023","FREEVILLE 3.7 W, NY US","2017-02-19","0.00","0.0",,,,,,
"US1NYTM0023","FREEVILLE 3.7 W, NY US","2017-02-20","0.00","0.0",,,,,,
"US1NYTM0023","FREEVILLE 3.7 W, NY US","2017-02-21","0.00","0.0",,,,,,
"US1NYTM0023","FREEVILLE 3.7 W, NY US","2017-02-22","0.00","0.0",,,,,,
"US1NYTM0023","FREEVILLE 3.7 W, NY US","2017-02-23","0.00","0.0",,,,,,
"US1NYTM0023","FREEVILLE 3.7 W, NY US","2017-02-24","0.00","0.0",,,,,,
"US1NYTM0023","FREEVILLE 3.7 W, NY US","2017-02-25","0.00","0.0",,,,,,
"US1NYTM0023","FREEVILLE 3.7 W, NY US","2017-02-26","0.55","0.2",,,,,,
"US1NYTM0023","FREEVILLE 3.7 W, NY US","2017-02-27","0.00","0.0",,,,,,
"US1NYTM0023","FREEVILLE 3.7 W, NY US","2017-02-28","0.02","0.0",,,,,,
"US1NYTM0023","FREEVILLE 3.7 W, NY US","2017-03-01","0.00","0.0",,,,,,
"US1NYTM0023","FREEVILLE 3.7 W, NY US","2017-03-02","0.06","0.0",,,,,,
"US1NYTM0023","FREEVILLE 3.7 W, NY US","2017-03-03","0.01","0.5",,,,,,
"US1NYTM0023","FREEVILLE 3.7 W, NY US","2017-03-04","0.10","1.8",,,,,,
"US1NYTM0023","FREEVILLE 3.7 W, NY US","2017-03-05","0.00","0.0",,,,,,
"US1NYTM0023","FREEVILLE 3.7 W, NY US","2017-03-06","0.00","0.0",,,,,,
"US1NYTM0023","FREEVILLE 3.7 W, NY US","2017-03-07","0.13","0.0",,,,,,
"US1NYTM0023","FREEVILLE 3.7 W, NY US","2017-03-08","0.69","0.0",,,,,,
"US1NYTM0023","FREEVILLE 3.7 W, NY US","2017-03-09","0.00","0.0",,,,,,
"US1NYTM0023","FREEVILLE 3.7 W, NY US","2017-03-10","0.00","0.0",,,,,,
"US1NYTM0023","FREEVILLE 3.7 W, NY US","2017-03-11","0.01","0.5",,,,,,
"US1NYTM0023","FREEVILLE 3.7 W, NY US","2017-03-12","0.00","0.5",,,,,,
"US1NYTM0023","FREEVILLE 3.7 W, NY US","2017-03-13","0.00","0.0",,,,,,
"US1NYTM0023","FREEVILLE 3.7 W, NY US","2017-03-14","0.24","2.8",,,,,,
"US1NYTM0023","FREEVILLE 3.7 W, NY US","2017-03-15","1.10","16.0",,,,,,
"US1NYTM0023","FREEVILLE 3.7 W, NY US","2017-03-16","0.15","2.0",,,,,,
"US1NYTM0023","FREEVILLE 3.7 W, NY US","2017-03-17","0.00","0.0",,,,,,
"US1NYTM0023","FREEVILLE 3.7 W, NY US","2017-03-18","0.00","0.0",,,,,,
"US1NYTM0023","FREEVILLE 3.7 W, NY US","2017-03-19","0.19","1.5",,,,,,
"US1NYTM0023","FREEVILLE 3.7 W, NY US","2017-03-20","0.00","0.0",,,,,,
"US1NYTM0023","FREEVILLE 3.7 W, NY US","2017-03-21","0.00","0.0",,,,,,
"US1NYTM0023","FREEVILLE 3.7 W, NY US","2017-03-22","0.02","1.5",,,,,,
"US1NYTM0023","FREEVILLE 3.7 W, NY US","2017-03-23","0.00","0.0",,,,,,
"US1NYTM0023","FREEVILLE 3.7 W, NY US","2017-03-24","0.00","0.0",,,,,,
"US1NYTM0023","FREEVILLE 3.7 W, NY US","2017-03-25","1.18","0.0",,,,,,
"US1NYTM0023","FREEVILLE 3.7 W, NY US","2017-03-26","0.24","0.0",,,,,,
"US1NYTM0023","FREEVILLE 3.7 W, NY US","2017-03-27","0.32","0.0",,,,,,
"US1NYTM0023","FREEVILLE 3.7 W, NY US","2017-03-28","0.02","0.0",,,,,,
"US1NYTM0023","FREEVILLE 3.7 W, NY US","2017-03-29","0.01","0.0",,,,,,
"US1NYTM0023","FREEVILLE 3.7 W, NY US","2017-03-30","0.00","0.0",,,,,,
"US1NYTM0023","FREEVILLE 3.7 W, NY US","2017-03-31","0.25","0.0",,,,,,
"US1NYTM0023","FREEVILLE 3.7 W, NY US","2017-04-01","0.53","0.0",,,,,,
"US1NYTM0023","FREEVILLE 3.7 W, NY US","2017-04-02","0.01","0.0",,,,,,
"US1NYTM0023","FREEVILLE 3.7 W, NY US","2017-04-03","0.00","0.0",,,,,,
"US1NYTM0023","FREEVILLE 3.7 W, NY US","2017-04-04","0.32","0.0",,,,,,
"US1NYTM0023","FREEVILLE 3.7 W, NY US","2017-04-05","0.16","0.0",,,,,,
"US1NYTM0023","FREEVILLE 3.7 W, NY US","2017-04-06","0.00","0.0",,,,,,
"US1NYTM0023","FREEVILLE 3.7 W, NY US","2017-04-07","1.52","1.5",,,,,,
"US1NYTM0023","FREEVILLE 3.7 W, NY US","2017-04-08","0.20","0.5",,,,,,
"US1NYTM0023","FREEVILLE 3.7 W, NY US","2017-04-09","0.00","0.0",,,,,,
"US1NYTM0023","FREEVILLE 3.7 W, NY US","2017-04-10","0.00","0.0",,,,,,
"US1NYTM0023","FREEVILLE 3.7 W, NY US","2017-04-11","0.00","0.0",,,,,,
"US1NYTM0023","FREEVILLE 3.7 W, NY US","2017-04-12","0.04","0.0",,,,,,
"US1NYTM0023","FREEVILLE 3.7 W, NY US","2017-04-13","0.00","0.0",,,,,,
"US1NYTM0023","FREEVILLE 3.7 W, NY US","2017-04-14","0.00","0.0",,,,,,
"US1NYTM0023","FREEVILLE 3.7 W, NY US","2017-04-15","0.00","0.0",,,,,,
"US1NYTM0023","FREEVILLE 3.7 W, NY US","2017-04-16","0.12","0.0",,,,,,
"US1NYTM0023","FREEVILLE 3.7 W, NY US","2017-04-17","0.27","0.0",,,,,,
"US1NYTM0023","FREEVILLE 3.7 W, NY US","2017-04-18","0.00","0.0",,,,,,
"US1NYTM0023","FREEVILLE 3.7 W, NY US","2017-04-19","0.00","0.0",,,,,,
"US1NYTM0023","FREEVILLE 3.7 W, NY US","2017-04-20","0.31","0.0",,,,,,
"US1NYTM0023","FREEVILLE 3.7 W, NY US","2017-04-21","1.54","0.0",,,,,,
"US1NYTM0023","FREEVILLE 3.7 W, NY US","2017-04-22","0.11","0.0",,,,,,
"US1NYTM0023","FREEVILLE 3.7 W, NY US","2017-04-23","0.00","0.0",,,,,,
"US1NYTM0023","FREEVILLE 3.7 W, NY US","2017-04-24","0.00","0.0",,,,,,
"US1NYTM0023","FREEVILLE 3.7 W, NY US","2017-04-25","0.00","0.0","0.0",,,,,
"US1NYTM0023","FREEVILLE 3.7 W, NY US","2017-04-26","0.03","0.0",,,,,,
"US1NYTM0023","FREEVILLE 3.7 W, NY US","2017-04-27","0.00","0.0",,,,,,
"US1NYTM0023","FREEVILLE 3.7 W, NY US","2017-04-28","0.09","0.0",,,,,,
"US1NYTM0023","FREEVILLE 3.7 W, NY US","2017-04-29","0.00","0.0",,,,,,
"US1NYTM0023","FREEVILLE 3.7 W, NY US","2017-04-30","0.00","0.0",,,,,,
"US1NYTM0023","FREEVILLE 3.7 W, NY US","2017-05-01","0.00","0.0",,,,,,
"US1NYTM0023","FREEVILLE 3.7 W, NY US","2017-05-02","1.09","0.0",,,,,,
"US1NYTM0023","FREEVILLE 3.7 W, NY US","2017-05-03","0.11","0.0",,,,,,
"US1NYTM0023","FREEVILLE 3.7 W, NY US","2017-05-04","0.03","0.0",,,,,,
"US1NYTM0023","FREEVILLE 3.7 W, NY US","2017-05-05","0.42","0.0",,,,,,
"US1NYTM0023","FREEVILLE 3.7 W, NY US","2017-05-06","0.44","0.0",,,,,,
"US1NYTM0023","FREEVILLE 3.7 W, NY US","2017-05-07","0.41","0.0",,,,,,
"US1NYTM0023","FREEVILLE 3.7 W, NY US","2017-05-08","0.14","0.0",,,,,,
"US1NYTM0023","FREEVILLE 3.7 W, NY US","2017-05-09","0.00","0.0",,,,,,
"US1NYTM0023","FREEVILLE 3.7 W, NY US","2017-05-10","0.00","0.0",,,,,,
"US1NYTM0023","FREEVILLE 3.7 W, NY US","2017-05-11","0.00","0.0",,,,,,
"US1NYTM0023","FREEVILLE 3.7 W, NY US","2017-05-12","0.00","0.0",,,,,,
"US1NYTM0023","FREEVILLE 3.7 W, NY US","2017-05-13","0.13","0.0",,,,,,
"US1NYTM0023","FREEVILLE 3.7 W, NY US","2017-05-14","0.03","0.0",,,,,,
"US1NYTM0023","FREEVILLE 3.7 W, NY US","2017-05-15","0.31","0.0",,,,,,
"US1NYTM0023","FREEVILLE 3.7 W, NY US","2017-05-16","0.00","0.0",,,,,,
"US1NYTM0023","FREEVILLE 3.7 W, NY US","2017-05-17","0.00","0.0",,,,,,
"US1NYTM0023","FREEVILLE 3.7 W, NY US","2017-05-18","0.00","0.0",,,,,,
"US1NYTM0023","FREEVILLE 3.7 W, NY US","2017-05-19","0.28","0.0",,,,,,
"US1NYTM0023","FREEVILLE 3.7 W, NY US","2017-05-20","0.00","0.0",,,,,,
"US1NYTM0023","FREEVILLE 3.7 W, NY US","2017-05-21","0.00","0.0",,,,,,
"US1NYTM0023","FREEVILLE 3.7 W, NY US","2017-05-22","0.08","0.0",,,,,,
"US1NYTM0023","FREEVILLE 3.7 W, NY US","2017-05-23","0.33","0.0",,,,,,
"US1NYTM0023","FREEVILLE 3.7 W, NY US","2017-05-24","0.00","0.0",,,,,,
"US1NYTM0023","FREEVILLE 3.7 W, NY US","2017-05-25","0.00","0.0",,,,,,
"US1NYTM0023","FREEVILLE 3.7 W, NY US","2017-05-26","0.34","0.0",,,,,,
"US1NYTM0023","FREEVILLE 3.7 W, NY US","2017-05-27","0.11","0.0",,,,,,
"US1NYTM0023","FREEVILLE 3.7 W, NY US","2017-05-28","0.02","0.0",,,,,,
"US1NYTM0023","FREEVILLE 3.7 W, NY US","2017-05-29","0.13","0.0",,,,,,
"US1NYTM0023","FREEVILLE 3.7 W, NY US","2017-05-30","0.15","0.0",,,,,,
"US1NYTM0023","FREEVILLE 3.7 W, NY US","2017-05-31","0.74","0.0",,,,,,
"US1NYTM0023","FREEVILLE 3.7 W, NY US","2017-06-01","0.43","0.0",,,,,,
"US1NYTM0023","FREEVILLE 3.7 W, NY US","2017-06-02","0.00","0.0",,,,,,
"US1NYTM0023","FREEVILLE 3.7 W, NY US","2017-06-03","0.00","0.0",,,,,,
"US1NYTM0023","FREEVILLE 3.7 W, NY US","2017-06-04","0.00","0.0",,,,,,
"US1NYTM0023","FREEVILLE 3.7 W, NY US","2017-06-05","0.29","0.0",,,,,,
"US1NYTM0023","FREEVILLE 3.7 W, NY US","2017-06-06","0.30","0.0",,,,,,
"US1NYTM0023","FREEVILLE 3.7 W, NY US","2017-06-07","0.27","0.0",,,,,,
"US1NYTM0023","FREEVILLE 3.7 W, NY US","2017-06-08","0.00","0.0",,,,,,
"US1NYTM0023","FREEVILLE 3.7 W, NY US","2017-06-09","0.00","0.0",,,,,,
"US1NYTM0023","FREEVILLE 3.7 W, NY US","2017-06-10","0.01","0.0",,,,,,
"US1NYTM0023","FREEVILLE 3.7 W, NY US","2017-06-11","0.00","0.0",,,,,,
"US1NYTM0023","FREEVILLE 3.7 W, NY US","2017-06-12","0.00","0.0",,,,,,
"US1NYTM0023","FREEVILLE 3.7 W, NY US","2017-06-13","0.00","0.0",,,,,,
"US1NYTM0023","FREEVILLE 3.7 W, NY US","2017-06-14","0.04","0.0",,,,,,
"US1NYTM0023","FREEVILLE 3.7 W, NY US","2017-06-15","0.00","0.0",,,,,,
"US1NYTM0023","FREEVILLE 3.7 W, NY US","2017-06-16","0.43","0.0",,,,,,
"US1NYTM0023","FREEVILLE 3.7 W, NY US","2017-06-17","0.01","0.0",,,,,,
"US1NYTM0023","FREEVILLE 3.7 W, NY US","2017-06-18","0.00","0.0",,,,,,
"US1NYTM0023","FREEVILLE 3.7 W, NY US","2017-06-19","0.79","0.0",,,,,,
"US1NYTM0023","FREEVILLE 3.7 W, NY US","2017-06-20","0.77","0.0",,,,,,
"US1NYTM0023","FREEVILLE 3.7 W, NY US","2017-06-21","0.02","0.0",,,,,,
"US1NYTM0023","FREEVILLE 3.7 W, NY US","2017-06-22","0.00","0.0",,,,,,
"US1NYTM0023","FREEVILLE 3.7 W, NY US","2017-06-23","0.00","0.0",,,,,,
"US1NYTM0023","FREEVILLE 3.7 W, NY US","2017-06-24","0.39","0.0",,,,,,
"US1NYTM0023","FREEVILLE 3.7 W, NY US","2017-06-25","0.00","0.0",,,,,,
"US1NYTM0023","FREEVILLE 3.7 W, NY US","2017-06-26","0.16","0.0",,,,,,
"US1NYTM0023","FREEVILLE 3.7 W, NY US","2017-06-27","0.17","0.0",,,,,,
"US1NYTM0023","FREEVILLE 3.7 W, NY US","2017-06-28","0.21","0.0",,,,,,
"US1NYTM0023","FREEVILLE 3.7 W, NY US","2017-06-29","0.00","0.0",,,,,,
"US1NYTM0023","FREEVILLE 3.7 W, NY US","2017-06-30","0.00","0.0",,,,,,
"US1NYTM0023","FREEVILLE 3.7 W, NY US","2017-07-01","0.51","0.0",,,,,,
"US1NYTM0023","FREEVILLE 3.7 W, NY US","2017-07-02","0.59","0.0",,,,,,
"US1NYTM0023","FREEVILLE 3.7 W, NY US","2017-07-03","0.03","0.0",,,,,,
"US1NYTM0023","FREEVILLE 3.7 W, NY US","2017-07-04","0.00","0.0",,,,,,
"US1NYTM0023","FREEVILLE 3.7 W, NY US","2017-07-05","0.00","0.0",,,,,,
"US1NYTM0023","FREEVILLE 3.7 W, NY US","2017-07-06","0.00","0.0",,,,,,
"US1NYTM0023","FREEVILLE 3.7 W, NY US","2017-07-07","0.00","0.0",,,,,,
"US1NYTM0023","FREEVILLE 3.7 W, NY US","2017-07-08","0.00","0.0",,,,,,
"US1NYTM0023","FREEVILLE 3.7 W, NY US","2017-07-09","0.02","0.0",,,,,,
"US1NYTM0023","FREEVILLE 3.7 W, NY US","2017-07-10","0.00","0.0",,,,,,
"US1NYTM0023","FREEVILLE 3.7 W, NY US","2017-07-11","0.12","0.0",,,,,,
"US1NYTM0023","FREEVILLE 3.7 W, NY US","2017-07-12","0.00","0.0",,,,,,
"US1NYTM0023","FREEVILLE 3.7 W, NY US","2017-07-13","1.20","0.0",,,,,,
"US1NYTM0023","FREEVILLE 3.7 W, NY US","2017-07-14","1.69","0.0",,,,,,
"US1NYTM0023","FREEVILLE 3.7 W, NY US","2017-07-15","2.20","0.0",,,,,,
"US1NYTM0023","FREEVILLE 3.7 W, NY US","2017-07-16","0.03","0.0",,,,,,
"US1NYTM0023","FREEVILLE 3.7 W, NY US","2017-07-17","0.00","0.0",,,,,,
"US1NYTM0023","FREEVILLE 3.7 W, NY US","2017-07-18","0.53","0.0",,,,,,
"US1NYTM0023","FREEVILLE 3.7 W, NY US","2017-07-19","0.00","0.0",,,,,,
"US1NYTM0023","FREEVILLE 3.7 W, NY US","2017-07-20","0.00","0.0",,,,,,
"US1NYTM0023","FREEVILLE 3.7 W, NY US","2017-07-21","0.37","0.0",,,,,,
"US1NYTM0023","FREEVILLE 3.7 W, NY US","2017-07-22","0.00","0.0",,,,,,
"US1NYTM0023","FREEVILLE 3.7 W, NY US","2017-07-23","0.00","0.0",,,,,,
"US1NYTM0023","FREEVILLE 3.7 W, NY US","2017-07-24","0.40","0.0",,,,,,
"US1NYTM0023","FREEVILLE 3.7 W, NY US","2017-07-25","1.62","0.0",,,,,,
"US1NYTM0023","FREEVILLE 3.7 W, NY US","2017-07-26","0.09","0.0",,,,,,
"US1NYTM0023","FREEVILLE 3.7 W, NY US","2017-07-27","0.07","0.0",,,,,,
"US1NYTM0023","FREEVILLE 3.7 W, NY US","2017-07-28","0.18","0.0",,,,,,
"US1NYTM0023","FREEVILLE 3.7 W, NY US","2017-07-29","0.00","0.0",,,,,,
"US1NYTM0023","FREEVILLE 3.7 W, NY US","2017-07-30","0.00","0.0",,,,,,
"US1NYTM0023","FREEVILLE 3.7 W, NY US","2017-07-31","0.00","0.0",,,,,,
"US1NYTM0023","FREEVILLE 3.7 W, NY US","2017-08-01","0.00","0.0",,,,,,
"US1NYTM0023","FREEVILLE 3.7 W, NY US","2017-08-02","0.00","0.0",,,,,,
"US1NYTM0023","FREEVILLE 3.7 W, NY US","2017-08-03","0.00","0.0",,,,,,
"US1NYTM0023","FREEVILLE 3.7 W, NY US","2017-08-04","0.00","0.0",,,,,,
"US1NYTM0023","FREEVILLE 3.7 W, NY US","2017-08-05","0.37","0.0",,,,,,
"US1NYTM0023","FREEVILLE 3.7 W, NY US","2017-08-06","0.00","0.0",,,,,,
"US1NYTM0023","FREEVILLE 3.7 W, NY US","2017-08-07","0.00","0.0",,,,,,
"US1NYTM0023","FREEVILLE 3.7 W, NY US","2017-08-08","0.00","0.0",,,,,,
"US1NYTM0023","FREEVILLE 3.7 W, NY US","2017-08-09","0.00","0.0",,,,,,
"US1NYTM0023","FREEVILLE 3.7 W, NY US","2017-08-10","0.00","0.0",,,,,,
"US1NYTM0023","FREEVILLE 3.7 W, NY US","2017-08-11","0.00","0.0",,,,,,
"US1NYTM0023","FREEVILLE 3.7 W, NY US","2017-08-12","0.00","0.0",,,,,,
"US1NYTM0023","FREEVILLE 3.7 W, NY US","2017-08-13","0.07","0.0",,,,,,
"US1NYTM0023","FREEVILLE 3.7 W, NY US","2017-08-14","0.00","0.0",,,,,,
"US1NYTM0023","FREEVILLE 3.7 W, NY US","2017-08-15","0.00","0.0",,,,,,
"US1NYTM0023","FREEVILLE 3.7 W, NY US","2017-08-16","0.14","0.0",,,,,,
"US1NYTM0023","FREEVILLE 3.7 W, NY US","2017-08-17","0.00","0.0",,,,,,
"US1NYTM0023","FREEVILLE 3.7 W, NY US","2017-08-18","0.02","0.0",,,,,,
"US1NYTM0023","FREEVILLE 3.7 W, NY US","2017-08-19","0.04","0.0",,,,,,
"US1NYTM0023","FREEVILLE 3.7 W, NY US","2017-08-20","0.24","0.0",,,,,,
"US1NYTM0023","FREEVILLE 3.7 W, NY US","2017-08-21","0.00","0.0",,,,,,
"US1NYTM0023","FREEVILLE 3.7 W, NY US","2017-08-22","0.00","0.0",,,,,,
"US1NYTM0023","FREEVILLE 3.7 W, NY US","2017-08-23","0.63","0.0",,,,,,
"US1NYTM0023","FREEVILLE 3.7 W, NY US","2017-08-24","0.00","0.0",,,,,,
"US1NYTM0023","FREEVILLE 3.7 W, NY US","2017-08-25","0.00","0.0",,,,,,
"US1NYTM0023","FREEVILLE 3.7 W, NY US","2017-08-26","0.00","0.0",,,,,,
"US1NYTM0023","FREEVILLE 3.7 W, NY US","2017-08-27","0.00","0.0",,,,,,
"US1NYTM0023","FREEVILLE 3.7 W, NY US","2017-08-28","0.00","0.0",,,,,,
"US1NYTM0023","FREEVILLE 3.7 W, NY US","2017-08-29","0.00","0.0",,,,,,
"US1NYTM0023","FREEVILLE 3.7 W, NY US","2017-08-30","0.00","0.0",,,,,,
"US1NYTM0023","FREEVILLE 3.7 W, NY US","2017-08-31","0.00","0.0",,,,,,
"US1NYTM0023","FREEVILLE 3.7 W, NY US","2017-09-01","0.18","0.0",,,,,,
"US1NYTM0023","FREEVILLE 3.7 W, NY US","2017-09-02","0.00","0.0",,,,,,
"US1NYTM0023","FREEVILLE 3.7 W, NY US","2017-09-03","0.25","0.0",,,,,,
"US1NYTM0023","FREEVILLE 3.7 W, NY US","2017-09-04","0.39","0.0",,,,,,
"US1NYTM0023","FREEVILLE 3.7 W, NY US","2017-09-05","0.21","0.0",,,,,,
"US1NYTM0023","FREEVILLE 3.7 W, NY US","2017-09-06","0.76","0.0",,,,,,
"US1NYTM0023","FREEVILLE 3.7 W, NY US","2017-09-07","0.06","0.0",,,,,,
"US1NYTM0023","FREEVILLE 3.7 W, NY US","2017-09-08","0.11","0.0",,,,,,
"US1NYTM0023","FREEVILLE 3.7 W, NY US","2017-09-09","0.09","0.0",,,,,,
"US1NYTM0023","FREEVILLE 3.7 W, NY US","2017-09-10","0.00","0.0",,,,,,
"US1NYTM0023","FREEVILLE 3.7 W, NY US","2017-09-11","0.00","0.0",,,,,,
"US1NYTM0023","FREEVILLE 3.7 W, NY US","2017-09-12","0.00","0.0",,,,,,
"US1NYTM0023","FREEVILLE 3.7 W, NY US","2017-09-13","0.00","0.0",,,,,,
"US1NYTM0023","FREEVILLE 3.7 W, NY US","2017-09-14","0.03","0.0",,,,,,
"US1NYTM0023","FREEVILLE 3.7 W, NY US","2017-09-15","0.10","0.0",,,,,,
"US1NYTM0023","FREEVILLE 3.7 W, NY US","2017-09-16","0.00","0.0",,,,,,
"US1NYTM0023","FREEVILLE 3.7 W, NY US","2017-09-17","0.00","0.0",,,,,,
"US1NYTM0023","FREEVILLE 3.7 W, NY US","2017-09-18","0.00","0.0",,,,,,
"US1NYTM0023","FREEVILLE 3.7 W, NY US","2017-09-19","0.00","0.0",,,,,,
"US1NYTM0023","FREEVILLE 3.7 W, NY US","2017-09-20","0.00","0.0",,,,,,
"US1NYTM0023","FREEVILLE 3.7 W, NY US","2017-09-21","0.01","0.0",,,,,,
"US1NYTM0023","FREEVILLE 3.7 W, NY US","2017-09-22","0.00","0.0",,,,,,
"US1NYTM0023","FREEVILLE 3.7 W, NY US","2017-09-23","0.00","0.0",,,,,,
"US1NYTM0023","FREEVILLE 3.7 W, NY US","2017-09-24","0.00","0.0",,,,,,
"US1NYTM0023","FREEVILLE 3.7 W, NY US","2017-09-25","0.00","0.0",,,,,,
"US1NYTM0023","FREEVILLE 3.7 W, NY US","2017-09-26","0.00","0.0",,,,,,
"US1NYTM0023","FREEVILLE 3.7 W, NY US","2017-09-27","0.00","0.0",,,,,,
"US1NYTM0023","FREEVILLE 3.7 W, NY US","2017-09-28","0.00","0.0",,,,,,
"US1NYTM0023","FREEVILLE 3.7 W, NY US","2017-09-29","0.00","0.0",,,,,,
"US1NYTM0023","FREEVILLE 3.7 W, NY US","2017-09-30","0.11","0.0",,,,,,
"US1NYTM0023","FREEVILLE 3.7 W, NY US","2017-10-01","0.00","0.0",,,,,,
"US1NYTM0023","FREEVILLE 3.7 W, NY US","2017-10-02","0.00","0.0",,,,,,
"US1NYTM0023","FREEVILLE 3.7 W, NY US","2017-10-03","0.00","0.0",,,,,,
"US1NYTM0023","FREEVILLE 3.7 W, NY US","2017-10-04","0.00","0.0",,,,,,
"US1NYTM0023","FREEVILLE 3.7 W, NY US","2017-10-05","0.21","0.0",,,,,,
"US1NYTM0023","FREEVILLE 3.7 W, NY US","2017-10-06","0.01","0.0",,,,,,
"US1NYTM0023","FREEVILLE 3.7 W, NY US","2017-10-07","0.02","0.0",,,,,,
"US1NYTM0023","FREEVILLE 3.7 W, NY US","2017-10-08","0.38","0.0",,,,,,
"US1NYTM0023","FREEVILLE 3.7 W, NY US","2017-10-09","0.48","0.0",,,,,,
"US1NYTM0023","FREEVILLE 3.7 W, NY US","2017-10-10","0.12","0.0",,,,,,
"US1NYTM0023","FREEVILLE 3.7 W, NY US","2017-10-11","0.00","0.0",,,,,,
"US1NYTM0023","FREEVILLE 3.7 W, NY US","2017-10-12","0.47","0.0",,,,,,
"US1NYTM0023","FREEVILLE 3.7 W, NY US","2017-10-13","0.00","0.0",,,,,,
"US1NYTM0023","FREEVILLE 3.7 W, NY US","2017-10-14","0.00","0.0",,,,,,
"US1NYTM0023","FREEVILLE 3.7 W, NY US","2017-10-15","0.00","0.0",,,,,,
"US1NYTM0023","FREEVILLE 3.7 W, NY US","2017-10-16","0.43","0.0",,,,,,
"US1NYTM0023","FREEVILLE 3.7 W, NY US","2017-10-17","0.04","0.0",,,,,,
"US1NYTM0023","FREEVILLE 3.7 W, NY US","2017-10-18","0.00","0.0",,,,,,
"US1NYTM0023","FREEVILLE 3.7 W, NY US","2017-10-19","0.00","0.0",,,,,,
"US1NYTM0023","FREEVILLE 3.7 W, NY US","2017-10-20","0.00","0.0",,,,,,
"US1NYTM0023","FREEVILLE 3.7 W, NY US","2017-10-21","0.00","0.0",,,,,,
"US1NYTM0023","FREEVILLE 3.7 W, NY US","2017-10-22","0.00","0.0",,,,,,
"US1NYTM0023","FREEVILLE 3.7 W, NY US","2017-10-23","0.00","0.0",,,,,,
"US1NYTM0023","FREEVILLE 3.7 W, NY US","2017-10-24","0.37","0.0",,,,,,
"US1NYTM0023","FREEVILLE 3.7 W, NY US","2017-10-25","0.38","0.0",,,,,,
"US1NYTM0023","FREEVILLE 3.7 W, NY US","2017-10-26","0.00","0.0",,,,,,
"US1NYTM0023","FREEVILLE 3.7 W, NY US","2017-10-27","0.00","0.0",,,,,,
"US1NYTM0023","FREEVILLE 3.7 W, NY US","2017-10-28","0.00","0.0",,,,,,
"US1NYTM0023","FREEVILLE 3.7 W, NY US","2017-10-29","0.91","0.0",,,,,,
"US1NYTM0023","FREEVILLE 3.7 W, NY US","2017-10-30","3.16","0.0",,,,,,
"US1NYTM0023","FREEVILLE 3.7 W, NY US","2017-10-31","0.03","0.0",,,,,,
"US1NYTM0023","FREEVILLE 3.7 W, NY US","2017-11-01","0.00","0.0",,,,,,
"US1NYTM0023","FREEVILLE 3.7 W, NY US","2017-11-02","0.79","0.0",,,,,,
"US1NYTM0023","FREEVILLE 3.7 W, NY US","2017-11-03","0.12","0.0",,,,,,
"US1NYTM0023","FREEVILLE 3.7 W, NY US","2017-11-04","0.07","0.0",,,,,,
"US1NYTM0023","FREEVILLE 3.7 W, NY US","2017-11-05","0.00","0.0",,,,,,
"US1NYTM0023","FREEVILLE 3.7 W, NY US","2017-11-06","0.23","0.0",,,,,,
"US1NYTM0023","FREEVILLE 3.7 W, NY US","2017-11-07","0.46","0.0",,,,,,
"US1NYTM0023","FREEVILLE 3.7 W, NY US","2017-11-08","0.00","0.0",,,,,,
"US1NYTM0023","FREEVILLE 3.7 W, NY US","2017-11-09","0.00","0.0",,,,,,
"US1NYTM0023","FREEVILLE 3.7 W, NY US","2017-11-10","0.08","0.5",,,,,,
"US1NYTM0023","FREEVILLE 3.7 W, NY US","2017-11-11","0.03","0.0",,,,,,
"US1NYTM0023","FREEVILLE 3.7 W, NY US","2017-11-12","0.00","0.0",,,,,,
"US1NYTM0023","FREEVILLE 3.7 W, NY US","2017-11-13","0.04","0.0",,,,,,
"US1NYTM0023","FREEVILLE 3.7 W, NY US","2017-11-14","0.01","0.0",,,,,,
"US1NYTM0023","FREEVILLE 3.7 W, NY US","2017-11-15","0.00","0.0",,,,,,
"US1NYTM0023","FREEVILLE 3.7 W, NY US","2017-11-16","0.00","0.0",,,,,,
"US1NYTM0023","FREEVILLE 3.7 W, NY US","2017-11-17","0.07","0.0",,,,,,
"US1NYTM0023","FREEVILLE 3.7 W, NY US","2017-11-18","0.01","0.0",,,,,,
"US1NYTM0023","FREEVILLE 3.7 W, NY US","2017-11-19","0.30","0.0",,,,,,
"US1NYTM0023","FREEVILLE 3.7 W, NY US","2017-11-20","0.05","0.7",,,,,,
"US1NYTM0023","FREEVILLE 3.7 W, NY US","2017-11-21","0.00","0.0",,,,,,
"US1NYTM0023","FREEVILLE 3.7 W, NY US","2017-11-22","0.04","0.0",,,,,,
"US1NYTM0023","FREEVILLE 3.7 W, NY US","2017-11-23","0.03","0.0",,,,,,
"US1NYTM0023","FREEVILLE 3.7 W, NY US","2017-11-24","0.00","0.0",,,,,,
"US1NYTM0023","FREEVILLE 3.7 W, NY US","2017-11-25","0.00","0.0",,,,,,
"US1NYTM0023","FREEVILLE 3.7 W, NY US","2017-11-26","0.04","0.0",,,,,,
"US1NYTM0023","FREEVILLE 3.7 W, NY US","2017-11-27","0.00","0.0",,,,,,
"US1NYTM0023","FREEVILLE 3.7 W, NY US","2017-11-28","0.00","0.0",,,,,,
"US1NYTM0023","FREEVILLE 3.7 W, NY US","2017-11-29","0.00","0.0",,,,,,
"US1NYTM0023","FREEVILLE 3.7 W, NY US","2017-11-30","0.00","0.0",,,,,,
"US1NYTM0023","FREEVILLE 3.7 W, NY US","2017-12-01","0.03","0.0",,,,,,
"US1NYTM0023","FREEVILLE 3.7 W, NY US","2017-12-02","0.00","0.0",,,,,,
"US1NYTM0023","FREEVILLE 3.7 W, NY US","2017-12-03","0.00","0.0",,,,,,
"US1NYTM0023","FREEVILLE 3.7 W, NY US","2017-12-04","0.00","0.0",,,,,,
"US1NYTM0023","FREEVILLE 3.7 W, NY US","2017-12-05","0.00","0.0",,,,,,
"US1NYTM0023","FREEVILLE 3.7 W, NY US","2017-12-06","0.04","0.0",,,,,,
"US1NYTM0023","FREEVILLE 3.7 W, NY US","2017-12-07","0.00","0.0",,,,,,
"US1NYTM0023","FREEVILLE 3.7 W, NY US","2017-12-08","0.04","0.7",,,,,,
"US1NYTM0023","FREEVILLE 3.7 W, NY US","2017-12-09","0.00","0.0",,,,,,
"US1NYTM0023","FREEVILLE 3.7 W, NY US","2017-12-10","0.00","0.0",,,,,,
"US1NYTM0023","FREEVILLE 3.7 W, NY US","2017-12-11","0.01","0.3",,,,,,
"US1NYTM0023","FREEVILLE 3.7 W, NY US","2017-12-12","0.04","0.6",,,,,,
"US1NYTM0023","FREEVILLE 3.7 W, NY US","2017-12-13","0.05","0.3",,,,,,
"US1NYTM0023","FREEVILLE 3.7 W, NY US","2017-12-14","0.08","1.5",,,,,,
"US1NYTM0023","FREEVILLE 3.7 W, NY US","2017-12-15","0.00","0.1",,,,,,
"US1NYTM0023","FREEVILLE 3.7 W, NY US","2017-12-16","0.08","1.7",,,,,,
"US1NYTM0023","FREEVILLE 3.7 W, NY US","2017-12-17","0.09","4.0",,,,,,
"US1NYTM0023","FREEVILLE 3.7 W, NY US","2017-12-18","0.00","0.0",,,,,,
"US1NYTM0023","FREEVILLE 3.7 W, NY US","2017-12-19","0.01","0.0",,,,,,
"US1NYTM0023","FREEVILLE 3.7 W, NY US","2017-12-20","0.01","0.0",,,,,,
"US1NYTM0023","FREEVILLE 3.7 W, NY US","2017-12-21","0.00","0.0",,,,,,
"US1NYTM0023","FREEVILLE 3.7 W, NY US","2017-12-22","0.07","1.0",,,,,,
"US1NYTM0023","FREEVILLE 3.7 W, NY US","2017-12-23","0.17","0.0",,,,,,
"US1NYTM0023","FREEVILLE 3.7 W, NY US","2017-12-24","0.64","1.0",,,,,,
"US1NYTM0023","FREEVILLE 3.7 W, NY US","2017-12-25","0.08","1.5",,,,,,
"US1NYTM0023","FREEVILLE 3.7 W, NY US","2017-12-26","0.07","1.0",,,,,,
"US1NYTM0023","FREEVILLE 3.7 W, NY US","2017-12-27","0.00","0.0",,,,,,
"US1NYTM0023","FREEVILLE 3.7 W, NY US","2017-12-28","0.12","2.0",,,,,,
"US1NYTM0023","FREEVILLE 3.7 W, NY US","2017-12-29","0.08","1.7",,,,,,
"US1NYTM0023","FREEVILLE 3.7 W, NY US","2017-12-31","0.14","2.0",,,,,,
"US1NYTM0023","FREEVILLE 3.7 W, NY US","2018-01-01","0.18","2.2",,,,,,
